i_st	i_en	p_sz	c_n	cons_sz	pct_mat	pct_indl	scr	A	C	G	T	en	pat	algn_pre	algn	algn_pst	len	f
5070	5109	20	2.0	20	95	4	73	47	5	7	40	1.54	ATTTAAAGAGTATATATTAC	ATTTAAAAGTATATATTACATTTAAAGAGTATATATTACA	TGTGAAGAATAAAAAGGGGATTATGAATAAAACTTAATCACTGTATACAA	GTTATAGTTGTATTATATCTAAATATATTACATTTGATACAATATATCAA	39	Agilis_foc
14796	14842	6	7.5	6	77	17	51	51	10	0	38	1.37	ATACAT	ATACATATACATATATATATATACATATAATATACATATTACATATA	CATGAGGACCACAGTGCACAAAAAAGTATCTTGTCTCATGTATAAGAAAA	GAATTTTTTTCCCTTGGAGGAGGACTATGCTACAAAGAAATGGCTTTGGG	46	Agilis_foc
37106	37138	16	2.1	16	100	0	66	42	12	18	27	1.85	TCAAAAAGGGAATTTC	TCAAAAAGGGAATTTCTCAAAAAGGGAATTTCT	ATGGGAAGTAAATATAATAAGGTTATTTCCATGTGCTATTGAATTGGAAT	TCCTAATGTTGGCCATCTCCTTAGATTAAATTGTATTTGATTACCTCTTT	32	Agilis_foc
3825	3915	26	3.7	23	70	21	76	46	17	3	32	1.65	ATATATATATATATACACACTAC	ATATATATATATATACACATCTACATATATACATACATAGACACACACATATGTATATCTATGCATACACACATACATATATATATATATA	ATCATCCCTTCATATTCAACTCACCCTGTGCCCTCTGTCTACATATATAT	TATATATGCATATTCCTTTCAGCTGCTATGGTATTGAGGTCTCATGAATC	90	Brushtail_foc
3814	3859	8	5.8	8	84	0	56	47	13	0	39	1.42	TACATATA	TACATATATATATATATATATATATACACATCTACATATATACATA	TTTTTTTAGATATCATCCCTTCATATTCAACTCACCCTGTGCCCTCTGTC	CATAGACACACACATATGTATATCTATGCATACACACATACATATATATA	45	Brushtail_foc
3815	3915	28	3.6	29	73	12	86	46	16	2	33	1.63	ACATATATATATACTATACATACACACAC	ACATATATATATATATATATATATACACATCTACATATATACATACATAGACACACACATATGTATATCTATGCATACACACATACATATATATATATATA	TTTTTTAGATATCATCCCTTCATATTCAACTCACCCTGTGCCCTCTGTCT	TATATATGCATATTCCTTTCAGCTGCTATGGTATTGAGGTCTCATGAATC	100	Brushtail_foc
10003	10032	2	15.0	2	100	0	60	0	50	0	50	1.0	CT	CTCTCTCTCTCTCTCTCTCTCTCTCTCTCT	TCAATATATTCCTCTCTCATCCCTTATTCATCTTCAACTCACCCTGTGCC	GTATATATATATATATATATATATATACATACACATACACATATACATAC	29	Brushtail_foc
10034	10159	2	63.0	2	76	3	56	46	13	3	36	1.59	TA	TATATATATATATATATATATATATACATACACATACACATATACATACATACACAATCACATGTACATATATATACATACACACACATATATATGTGTATATATATATATATATGTATATATATA	CTTCAACTCACCCTGTGCCCTCTCTCTCTCTCTCTCTCTCTCTCTCTCTG	CACACGTACATGCATATTCCCTTCAGCTACCCTAATACTGAGGTCTCATG	125	Brushtail_foc
10051	10128	28	3.4	22	75	21	79	48	21	1	28	1.58	ATATATATACATACACATACAC	ATATATATACATACACATACACATATACATACATACACAATCACATGTACATATATATACATACACACACATATATAT	CCCTCTCTCTCTCTCTCTCTCTCTCTCTCTCTGTATATATATATATATAT	GTGTATATATATATATATATGTATATATATACACACGTACATGCATATTC	77	Brushtail_foc
10064	10117	28	1.9	28	88	0	81	48	25	1	24	1.61	CACATACACATATACATACATACACAAT	CACATACACATATACATACATACACAATCACATGTACATATATATACATACACA	TCTCTCTCTCTCTCTCTCTGTATATATATATATATATATATATATACATA	CACATATATATGTGTATATATATATATATATGTATATATATACACACGTA	53	Brushtail_foc
14145	14177	15	2.3	15	89	5	50	39	18	15	27	1.9	AATAATTCTCAGGGC	AATAATTCCAGTGCAATAATTCTCAGGGCAATA	GAGAGAGAAAGAGAGGGAGAGGGAGAGAGAGAACAGTGTGTCCTAAAATT	CAAGAAACTTACACACAAAACCTGTGCCCTATTGCTGAGTTTGTAAGAAT	32	Brushtail_foc
26760	27155	24	16.5	24	68	23	137	0	64	1	33	1.06	CCCCCTCCCTCCTCTCTTCCTCCT	CCCCCTCCCTCCTCTCTTCCTCCTCCCCCTCCCCCATCTCCTTTTCCTCCCCTCCCTTCTCTCCCCTCCCTTCTCTCCTCTCCCTTCTCTCCTCTTCCCTCCTCCCTTTTTCCTCTTCTCCTCTTACCCCCGCCCTCCTCTCCTTCTCCTCCTCCTCCCCCTCCCTCCTCTCCTCCTCCCCCTCCCTCCTCTCCTCCTCCTCCCCCTCCCTCCTCTCCTCCTTTTCCCTCCTCCCCTCATGCTCCTCCTCCCTGCTCTCCTCCTTCCTTCTCTGCCCCTCCCTCCTCTCTCCCCCTCCCTCCTCTCCTTCTCCTCCCCCTCCCTTCTCCTCCTCCTCCTCCTCCCCCTCCCTCCTCTCTCCCCCTCCCTCCTCTCCTCCCCCTCCCCCTCTCCTCC	TGCCCCACCCGCACTCCTCTGCACCCCCCCCCCCCCGACTCCGCCGCAAC	CCCTCCCTCCTCTCCTCCTTTTCCCTCCTCCCCTCAAGCTCCTCCTCCCT	395	Brushtail_foc
26805	27270	17	24.3	19	67	23	114	0	64	1	32	1.08	CCTCCCCTCCCTCCTCTCC	CCTCCCCTCCCTTCTCTCCCCTCCCTTCTCTCCTCTCCCTTCTCTCCTCTTCCCTCCTCCCTTTTTCCTCTTCTCCTCTTACCCCCGCCCTCCTCTCCTTCTCCTCCTCCTCCCCCTCCCTCCTCTCCTCCTCCCCCTCCCTCCTCTCCTCCTCCTCCCCCTCCCTCCTCTCCTCCTTTTCCCTCCTCCCCTCATGCTCCTCCTCCCTGCTCTCCTCCTTCCTTCTCTGCCCCTCCCTCCTCTCTCCCCCTCCCTCCTCTCCTTCTCCTCCCCCTCCCTTCTCCTCCTCCTCCTCCTCCCCCTCCCTCCTCTCTCCCCCTCCCTCCTCTCCTCCCCCTCCCCCTCTCCTCCCCCTCCCTCCTCTCCTCCTTTTCCCTCCTCCCCTCAAGCTCCTCCTCCCTGCTCTCCTCCTCCCTTCTCTGCCCCTCCCTCCTCTCTCCCCCTCCCTCCTCTCCTCCCCCCTCCC	GCAACCCCCCTCCCTCCTCTCTTCCTCCTCCCCCTCCCCCATCTCCTTTT	ATTCCCACTCCCCCTCCCTCTTCCCATATATTGCCAACTTAATGCTAATG	465	Brushtail_foc
26836	27261	24	19.9	21	69	22	155	0	64	1	33	1.1	CCTCTCCCTCCTCTCCTCTTC	CCTCTCCCTTCTCTCCTCTTCCCTCCTCCCTTTTTCCTCTTCTCCTCTTACCCCCGCCCTCCTCTCCTTCTCCTCCTCCTCCCCCTCCCTCCTCTCCTCCTCCCCCTCCCTCCTCTCCTCCTCCTCCCCCTCCCTCCTCTCCTCCTTTTCCCTCCTCCCCTCATGCTCCTCCTCCCTGCTCTCCTCCTTCCTTCTCTGCCCCTCCCTCCTCTCTCCCCCTCCCTCCTCTCCTTCTCCTCCCCCTCCCTTCTCCTCCTCCTCCTCCTCCCCCTCCCTCCTCTCTCCCCCTCCCTCCTCTCCTCCCCCTCCCCCTCTCCTCCCCCTCCCTCCTCTCCTCCTTTTCCCTCCTCCCCTCAAGCTCCTCCTCCCTGCTCTCCTCCTCCCTTCTCTGCCCCTCCCTCCTCTCTCCCCCTCCCTCCTCTCCTC	CCCTCCCCCATCTCCTTTTCCTCCCCTCCCTTCTCTCCCCTCCCTTCTCT	CCCCCTCCCATTCCCACTCCCCCTCCCTCTTCCCATATATTGCCAACTTA	425	Brushtail_foc
26893	27262	3	121.7	3	68	19	180	0	65	1	31	1.08	CCT	CCTCCTCTCCTTCTCCTCCTCCTCCCCCTCCCTCCTCTCCTCCTCCCCCTCCCTCCTCTCCTCCTCCTCCCCCTCCCTCCTCTCCTCCTTTTCCCTCCTCCCCTCATGCTCCTCCTCCCTGCTCTCCTCCTTCCTTCTCTGCCCCTCCCTCCTCTCTCCCCCTCCCTCCTCTCCTTCTCCTCCCCCTCCCTTCTCCTCCTCCTCCTCCTCCCCCTCCCTCCTCTCTCCCCCTCCCTCCTCTCCTCCCCCTCCCCCTCTCCTCCCCCTCCCTCCTCTCCTCCTTTTCCCTCCTCCCCTCAAGCTCCTCCTCCCTGCTCTCCTCCTCCCTTCTCTGCCCCTCCCTCCTCTCTCCCCCTCCCTCCTCTCCTCC	CTTCTCTCCTCTTCCCTCCTCCCTTTTTCCTCTTCTCCTCTTACCCCCGC	CCCCTCCCATTCCCACTCCCCCTCCCTCTTCCCATATATTGCCAACTTAA	369	Brushtail_foc
26762	27136	66	5.6	66	74	13	220	0	63	1	34	1.07	CCCTCCTCTCCTCTCCTCCTCCTCCCCCTCCCTCCTCTCCTTTTCCTCCCCTCCCTTCACTCCCCG	CCCTCCCTCCTCTCTTCCTCCTCCCCCTCCCCCATCTCCTTTTCCTCCCCTCCCTTCTCTCCCCTCCCTTCTCTCCTCTCCCTTCTCTCCTCTTCCCTCCTCCCTTTTTCCTCTTCTCCTCTTACCCCCGCCCTCCTCTCCTTCTCCTCCTCCTCCCCCTCCCTCCTCTCCTCCTCCCCCTCCCTCCTCTCCTCCTCCTCCCCCTCCCTCCTCTCCTCCTTTTCCCTCCTCCCCTCATGCTCCTCCTCCCTGCTCTCCTCCTTCCTTCTCTGCCCCTCCCTCCTCTCTCCCCCTCCCTCCTCTCCTTCTCCTCCCCCTCCCTTCTCCTCCTCCTCCTCCTCCCCCTCCCTCCTCTCTCCCCCTCCCTCCTCTCCT	CCCCACCCGCACTCCTCTGCACCCCCCCCCCCCCGACTCCGCCGCAACCC	CCCCCTCCCCCTCTCCTCCCCCTCCCTCCTCTCCTCCTTTTCCCTCCTCC	374	Brushtail_foc
26760	27270	45	11.7	42	70	19	256	0	64	1	32	1.08	CCCCCTCCCTCCTCTCCTCCTCCCCCTCCCTCCTCTCCTCCT	CCCCCTCCCTCCTCTCTTCCTCCTCCCCCTCCCCCATCTCCTTTTCCTCCCCTCCCTTCTCTCCCCTCCCTTCTCTCCTCTCCCTTCTCTCCTCTTCCCTCCTCCCTTTTTCCTCTTCTCCTCTTACCCCCGCCCTCCTCTCCTTCTCCTCCTCCTCCCCCTCCCTCCTCTCCTCCTCCCCCTCCCTCCTCTCCTCCTCCTCCCCCTCCCTCCTCTCCTCCTTTTCCCTCCTCCCCTCATGCTCCTCCTCCCTGCTCTCCTCCTTCCTTCTCTGCCCCTCCCTCCTCTCTCCCCCTCCCTCCTCTCCTTCTCCTCCCCCTCCCTTCTCCTCCTCCTCCTCCTCCCCCTCCCTCCTCTCTCCCCCTCCCTCCTCTCCTCCCCCTCCCCCTCTCCTCCCCCTCCCTCCTCTCCTCCTTTTCCCTCCTCCCCTCAAGCTCCTCCTCCCTGCTCTCCTCCTCCCTTCTCTGCCCCTCCCTCCTCTCTCCCCCTCCCTCCTCTCCTCCCCCCTCCC	TGCCCCACCCGCACTCCTCTGCACCCCCCCCCCCCCGACTCCGCCGCAAC	ATTCCCACTCCCCCTCCCTCTTCCCATATATTGCCAACTTAATGCTAATG	510	Brushtail_foc
27241	27296	19	3.0	19	77	12	62	5	69	0	25	1.09	CTCCCCCTCCCTCTTCCCA	CTCCCCCTCCCTCCTCTCCTCCCCCCTCCCATTCCCACTCCCCCTCCCTCTTCCCA	AAGCTCCTCCTCCCTGCTCTCCTCCTCCCTTCTCTGCCCCTCCCTCCTCT	TATATTGCCAACTTAATGCTAATGCATGATTACATCCTTGTATGTACAAT	55	Brushtail_foc
33517	33590	4	18.5	4	97	0	139	50	1	24	24	1.58	TAGA	TAGATAGATAGATAGATAGACAGATAGATAGATAGATAGATAGATAGATAGATAGATAGATAGATAGATAGATA	AGACATATATAAGTATATATGTAATAGTGATAGGTAGATCAATCGATCAG	AGAGCAGCTATAGGAAGTTATAAGGCTATATGGGCAAAAAAGTATCATGT	73	Brushtail_foc
38191	38226	2	17.5	2	94	5	63	2	50	0	47	1.15	CT	CTCTCTCTCTCTCTCTCTCTCTCTCTCTCTCATCTC	TTCTTCCTCCTCTTTCCATCCTCTTCCACCCTTTTCTCTCCCCCCATCCC	CCCTGGCCCCCTCACAATTTACAATGGTGAAGCTATTTGGATAGTTGCTG	35	Brushtail_foc
39115	39147	17	1.9	17	93	0	57	60	3	27	9	1.42	AATAGGACAAAGGAAAG	AATAGGATAAAGGAAAGAATAGGACAAAGGAAA	GTTATGTGAAATGATGCAATGTTATGTTTTGAGGTGGGAAGTTAAGAAGA	AAGAGGCATGAAAAAGCATAGAAATATAAGATATTATAGAGTGTACTGAC	32	Brushtail_foc
39555	39591	18	2.1	18	89	0	56	29	8	27	35	1.85	TAAATGACTGTGTAGGAC	TAAATGACTGTGTAGGACTAAATGATTGTGTTGGACT	ATGAGCTGGCTCAGTGACTTGACTTCTCTAGGCCCTATTTTCTTAATCTG	CTAAGGCCCTAGGTCTAAAAATCTATGATTCTGTGAATGTGAATAAATAT	36	Brushtail_foc
2342	2400	31	1.9	31	89	0	91	33	23	22	20	1.97	ATGCATTCAGCTACAAAAGGACACAGCTTGG	ATGCATTCAGCTACAAAAGGACACAGCTTGGATGCCTTCAGTTACAAAGGGACACAGCT	AGAATAATTATTCAGAGTCTGTACACCTACTACCCTTAAACAGTAAATGA	AGAGACTGCTCAGGGCAATTTATCGTGGCTACTGGAAAACCACATGAAGG	58	Echidna_foc
3598	3646	4	11.8	4	82	8	62	48	2	24	24	1.61	TGAA	TGAAAGAATGAATGAATGAATACGATTGAATGAATGAATGAATGAATGA	AAGTGCTTAGTACAGTGCTCTGCACACAGTAAGCGCTCAATAAATACGAT	TTATTATTAATGGAGTCTCCTGAATCCCAGCCCTGTGCTCTTTCCACGAG	48	Echidna_foc
3590	3644	26	2.1	26	96	0	101	49	3	21	25	1.66	AATACGATTGAAAGAATGAATGAATG	AATACGATTGAAAGAATGAATGAATGAATACGATTGAATGAATGAATGAATGAAT	TACTTCCCAAGTGCTTAGTACAGTGCTCTGCACACAGTAAGCGCTCAATA	GATTATTATTAATGGAGTCTCCTGAATCCCAGCCCTGTGCTCTTTCCACG	54	Echidna_foc
4675	4717	3	14.3	3	100	0	86	65	0	0	34	0.93	TAA	TAATAATAATAATAATAATAATAATAATAATAATAATAATAAT	TATCAGATAGGGCAGGGCTAAGTGGTGGCTGGGAAGAAGTAGACATCTTG	GATGGCATTTGTTAAGCGCTTACTATGTGCAAAGCACTGTTCTAAGCGCT	42	Echidna_foc
6074	6099	4	6.5	4	100	0	52	26	0	23	50	1.5	ATTG	ATTGATTGATTGATTGATTGATTGAT	CCAAGCGCTTAGTACAGTGCTCTGCACACAGTAAGCACTCAATAAATACA	CCCGGCTCCGCCGCTTATCAGCTGTGTGACCTTGGGCAAGTCACTTCACT	25	Echidna_foc
6419	6483	3	21.7	3	93	0	112	69	0	0	30	0.89	ATA	ATAATAATAATAAAAATAAAAATAATAATAATAATAATAATAATAATAATAATAATAATAATAAT	CCAGGATTCCCATCCCAGGGAAGACTCAGCACTATGGAGAAAGGGGTGCC	TGTGTGCCAGGCATAATACTAACATACTACTAACATCCCATCCCTGGGAA	64	Echidna_foc
6596	6638	11	3.9	11	100	0	86	53	18	0	27	1.45	CATAATACTAA	CATAATACTAACATAATACTAACATAATACTAACATAATACTA	CGGAGAAAGGGGTGCCACAGTAATAATAATAATAATGATTGTGTGCCAGG	TGTGCCAGGCACTGTACTAACCACTGGGGTGGATATAAGCAAATCGGGTT	42	Echidna_foc
6855	6884	12	2.5	12	94	0	51	60	0	6	33	1.23	ATAATGATAATA	ATAATAATAATAATAATGATAATAATAATG	CGGAGTTGAGATTAGAACCCATGACCTTCTGACTCCCAGGCGTATGCTGT	GTATTTGTTAGGTGCTTACTATGTGCAAAGCACTGTTCTAAGCACTGGGG	29	Echidna_foc
7300	7499	109	1.8	110	88	3	305	26	32	22	19	1.97	AAGTGACTTGCCCAAAGTCACACAGCTGACAAGTGACAGAGCCAGAATTAGAACCCATGACCTCTGACTCCAAAGCCCGGGCTCTTTCCACTTGAGCCACACCATAGGTT	AAGTGACTTGCCCAAAGTCACCCAGCTGACAAGTGACGGAGCCGGGATTAGAACCCATGACCTCTGGCTCCCAAGCCCGGGCTCTTTCCACTTGAGCCACACCATAGGTTAAGTGACTTGCCCAAAGTCACACAGCTGACAGATGGCAGAGCAGAATTTGAACCCATGACCTCTGACTCCAAAGCCCGGGCTCTTTCCAC	CAGTTTTAATCCCCATTTGACAGATGAGGTCACTGAGGCCCAGAGAAGTG	GGAGCCAAGCTGCTTCTCATCCACTACACCGTGCGGCTTCTCTGCTTCTC	199	Echidna_foc
8944	8974	3	10.3	3	100	0	62	64	0	0	35	0.94	TAA	TAATAATAATAATAATAATAATAATAATAAT	ATGATGGCATTTATTAAGCGCTTACTATGTGCAAAGCACTGGGTACTAGT	GGCATTTATTAAGCGCTTAGTATGTGCAAAGCACTGTTCTAAGCACTGGG	30	Echidna_foc
8951	9519	306	1.9	306	91	0	942	28	21	25	23	1.99	AATAATAATAATAATAATAATAATGGCATTTATTAAGCGCTTACTATGTGCAAAGCACTGTTCTAAGCACTGGGGGAGATACAAGGTGATCAGGTTGTCCCACGGGGGGCTCACAGTCTTAATCCCCATTTTACAGACGAGGGAACTGAGGCACAGAGAAGTGAAGTGACTTGCCCAAAGTCACACAGCTAACAACTGGCAGAGCCGGGATTCGAACCCATGACCTCTGACTCCAAAACCCGTGCTCTTTCCACTGAGCCACGTAGTGTGAGGACCAGTGACAGAAGGGGATGAGGATTAGTTAAG	AATAATAATAATAATAATAATAATGGCATTTATTAAGCGCTTAGTATGTGCAAAGCACTGTTCTAAGCACTGGGGGAGATACAAGGTGATCAGGTTGTCCCACGGGGGGCTCCCAGTCTTCATCCCCATTTTACAGATGAGGGAACTGAGGCACAGAGAAGTGAAGTGGCTTGCCCAAGGTCACACAGCTGATAAGTGGCAGTGCCGGGATTCGGACCCATGACCTCTGATTCCTAAGCCCGTGCTCTTTCCATTGAGCCACGTAGTGTGAGGACCAGTGACAGAAGGGGATGAGGATTAGTTAAGAATAATAATAATAATAATAATGATGGCATTTATTAAGCGCTTACTATGTGCAAAGCACTGTTCTAAGCGCTGGGGAGGTTACAAGGTGATCAGGTTGTCCCACGGGGGGCTCACAGTCTTAATCCCCATTTTACAGACGAGGGAACTGAGGCACAGAGAAGTGAAGTGACTTGCCCAAAGTCACACAGCTAACAACTGGCGGAGCCGGGATTTGAACCCATGACCTCTGACTCCAAAACCCGTGCTCTTTCCACTGAGCCACG	CATTTATTAAGCGCTTACTATGTGCAAAGCACTGGGTACTAGTTAATAAT	CTGCTTCTCCGTAAATGTTGAATTGTACTTTCCCAAGCGCTCAGTGCAGT	568	Echidna_foc
11065	11127	28	2.1	28	82	11	72	65	3	9	22	1.37	AAATAAAATAAATAGAATAAATATGAAC	AAATAAAATAAATAGAATAGATATGTACAAATAAAATAAATAGAGTATAAAAATATGAACAAA	GCTCACAGTCTAAAAGGGGGAGACAGAGAACAAAACCAAACATACTAACA	CATATATACATATATACAGGTGCTGTGGGGAAGGGAAGGAGGTAAGATGG	62	Echidna_foc
11564	12136	225	2.5	227	94	0	1006	23	21	19	35	1.96	TAGACTGTGAGCCCGCTGTTGGGTAGGGACCGTCTCTAGATGTTGCCGACTTGTACTTCCCAAGCGCTTAGTACAGTGCTCTGCACACAGTAAGCGCTCAATAAATACGATTGATTGATTGATCATCGGCATTATATTTATTAAGCACTTGCAACATGCCAAGGTCTTACTATTCTATTTATTTTATTCTGTTAATATATTTTGTTTTGTTGTCTCTCTCCCCCTTC	TAGACTGTGAGCCCACTGTTGGGTAGGGACTGTCTCTATATGTTGCCAACTTGTACTTCCCAAGCGCTTAGTACACTGCTCCGCACACAGTAAGCGCTCAATAAATACGATTGATTGATTGATCATCGGCATTATATTTATTAAGCACTTGCAACATGCCAAGGTCTTACTATTTATTTATTTTATTCTGTTAATATATTTTGTTTTGTTGTCTCTCTCCTCCTCTAGACTGTGAGCCCGTTGTTGGGTAGGGACCGTCTCTAGATGTTGCCGACTTGTACTTCCCAAGCGCTTAGTACAGTGCTCTGCACACAGTAAGTGCTCAATAAATACGATTGATTGATTGATCATCGGCATTATATTTATTAAGCACTTGCAACGTGCCAAGGTCTTACTATTCTATTTATTTTATTCTGTTAATATATTTTGTTTTGTTGTCTCTCTCCCCCTTCTAGACTGCGAGCCCGCTGTTGCGTAGGGACCGTCTCTAGATGTTGCCGACTTGTACTTCCCAAGCGCATAGTACAGTGCTCTGCACACAGTAAGCGCTCAATAAATATGATTGATTGATTG	CGTTCAACTCTGCTTTCTGAAATCAAGTCTTATAGCATCATCATGCTATT	TACTTCCCAGGCGCTTAGTACAGTGCTCTGCACACAGTAAGTGCTCAATA	572	Echidna_foc
12066	12197	68	1.9	68	95	0	237	29	21	19	28	1.98	TTGTACTTCCCAAGCGCATAGTACAGTGCTCTGCACACAGTAAGCGCTCAATAAATATGATTGATTGA	TTGTACTTCCCAAGCGCATAGTACAGTGCTCTGCACACAGTAAGCGCTCAATAAATATGATTGATTGATTGTACTTCCCAGGCGCTTAGTACAGTGCTCTGCACACAGTAAGTGCTCAATAAATATGATTGA	TAGACTGCGAGCCCGCTGTTGCGTAGGGACCGTCTCTAGATGTTGCCGAC	ATGAATGAATCGAGCAGAGGGTGCTCACTTCTGTCCCACTCTAACCCAGC	131	Echidna_foc
12417	12479	24	2.6	24	80	12	67	65	0	3	31	1.09	ATTAAAATGAAATAATTAATAATA	ATTAAAATTAATAATTAATGAAATAATTAAATGAAATAATTAATAATAATAAAAATAAAATAA	TAATAATTAGAAAGTCTAATTAAATTATCAAATTGAATTAATTCTAATTT	AAGTACTTCCCAAGTGCTTAGTACAGTGCTCTGCACACAGTAAGCGCTCA	62	Echidna_foc
12426	12460	13	2.8	12	91	8	61	60	0	5	34	1.21	AATAATTAATGA	AATAATTAATGAAATAATTAAATGAAATAATTAAT	GAAAGTCTAATTAAATTATCAAATTGAATTAATTCTAATTTATTAAAATT	AATAATAAAAATAAAATAAAAGTACTTCCCAAGTGCTTAGTACAGTGCTC	34	Echidna_foc
12805	12845	3	13.7	3	100	0	82	65	0	0	34	0.93	ATA	ATAATAATAATAATAATAATAATAATAATAATAATAATAAT	CCAGCGCTTAGAACAGGTGCTTTGCACATAGTAAGCACTTAACAAATACC	GTTGGTATTTGTTAAGTGCTTACTATGTGCAAAGCACTGTTCTAAGCGCT	40	Echidna_foc
12879	12918	19	2.1	19	95	0	71	15	25	32	27	1.95	GCACTGTTCTAAGCGCTGG	GCACTGTTCTAAGCGCTGGGCACTGTTCTAAGTGCTGGGC	ATAATAATAATAATAATGTTGGTATTTGTTAAGTGCTTACTATGTGCAAA	TAATAATAATGTTGGTATTTGTTAAGCACTTTCTATGTGCCAAGCACTGT	39	Echidna_foc
14028	14528	170	3.0	169	88	3	660	30	17	24	26	1.97	AATAACAATAATAATAATGATAATGGCATTTGTTAAGCGCTTACTATGTGCAAAGCACTGTTCTAAGCACTGGGGAGTTACACGGTGATCAGGTTGTCCCATGGGGGGCTCACAGTTTTAATCCCCATTTTACAGATGAGGTAACTGAGGCACAGAGAAGTGAAGTGAC	AATAACAATGATAATAATAATGACGGCATTCGTTAAGCGTTTACTATGTGCCGAGCACTGCTCTAAGCACTGGGGTAGATACACGGTAATCAGGTTGTCCCGTGAGGGGCTTGCAGTCTTAATTCCCATTTCACAGATGAGGTAACTGAGGCACAGAGAATAATAACAATAATAATAATGATGATGGCATTTGTTAAGCGCTTACTATGTGCAAAGCACTGTTCTAAGCTCTGGGGAGGTTACAAGGTGATCAGGTTGTCCCATGGGGGGCTCACAGTTTTAATCCCCATTTTACAGATGAGGTAACTGAGGCACAGAGAAGTGAAGTGACAATAATAATAATAATAATGATAATGGTATTTGTTAAGCACTTACTATGTGCAAAGCACTGTTCTAAGCGCTGGGGAAGTTACACGGTGATCAGGCTGTCCCACGGGGGGCTCACAGTTTTAATCCCCATTTTACAGATGAGGTAACTGAAGCACAGAGAAGTGAAGTGAC	CTGTTGGCGGGCTCTTGGCCGAGAAGCCAGAAGGAGAACCCGAGTTTAAT	TTGCCCAAAGTCACACAGCTGATTAAGACTGTGTCTGTCTCCCCACTTCT	500	Echidna_foc
14783	15170	163	2.4	163	89	3	576	25	26	18	30	1.98	AAGTCACTTCACTTCTCTGTGCCTCAGTTACCTCATCTGTAAAATGGGGATTAAAACTGTGAGCCCCCCGGGGGACAACCTGATCACCTTGTAACCTCCCTAGCGCTTAGAACAGTGCTTTGCACATAGTAAGCGCTTAACAAATACCATTATTATTATTATT	AAGTCACTTCACTTCTCTGGGCCTCAGTTCCCTCATCTGTCATATGGGGATGAAGACTGTGAGCCCCCCGGGGGACCATCTGATTACCTTGTAACCTCCCTAGCGCTTAGAACAGTGCTTTGCACATAGTAAGTGCTTAACAAATACCATTATTATTATTATTAAGTCACTTCACTTCTCTGTGCCTCAGTTACCTCATCTGTAAAATGGGGATTAAAACCGTGAGCCCCCCGTGGGACAACCTGATCACCTTGTAACCTCTCCGGCGCTTAGGACAGTGCTTTGCACATAGTAAGCGCTTAACAAATACCATTATTATTATTATTGTCACTTCTCTGTGCTTCAGTTACCTCATCTGTAAAATGGGGATTAAAACTGTGAGCCCCCC	CAGGGGTTCAAATCCCGGCTCCGCCAATTGTCAGCTGGGTGACTTTGGGC	ATGGAGGCTTAGAACAGTGCTTTGCACATACTTAATAAATGCCATTAATA	387	Echidna_foc
15796	15836	20	2.0	20	100	0	82	34	4	21	39	1.75	GTGCAGTAATATGTATATAT	GTGCAGTAATATGTATATATGTGCAGTAATATGTATATATG	TTATTTTGGAATTGACAGGAGTTCCAAGGCGGTGGTGAAGTGCAGTAATA	GTTGTACATATTTATTACTCTATTTATTTATTTATTTTACTTGTACATAT	40	Echidna_foc
16527	16932	184	2.2	184	95	0	740	25	23	24	26	2.0	TCAATCGTATTTATTGAGCGCTTTCTGTGTGCAGAGCACTGTACTAAGCGCTTGGGAAGTCCAAGTTGGCAACATAGAGAGACAGTCCCTACCCAACAGCGGGCTCACAGTCTAGAAGTCTGAATCCCTCTAGATTGTGACTTCATCGTGGGCAGGGCATGGGCCTCATCAATCAATCAATCCA	TCAATCGTATTTATTGAGCACTTGCTGTGTGCAGAGCACTGTACTAAGCGCTTGGGAAGTCCAAGTTGGCAACATAGAGAGACGGTCCTTACCCAACAGCGGGCTCACAGTCTAGAAGTCTGAATCCCTCTAGATTGTGACTTCATCGTGGGCAGGGCATGGGCCTGATCAATCAATCAATCCATCAATCGTATTTATTGAGCGGTTTCTGTGTGCAGAGCACTGTACTAAGCGCTTGGGAAGTCCAAGTTGGCAACATAGAGAGACAGTCCCTACCCAACAGCGGGCTCACAGTCTAGAAGTCTGAATCCCTCTAGATTGTGACTTCATCGTGGGCAGGGCATGTGCTTCATCAATCAATCAATCCATCAATCGTATTTATTGAGCGCTTTCTGTGTGCAGAGCA	CTCACATACGTTCATTCAATCGGATTTACAGAGCACTTTCATTCATTCAT	GCGGGCTCACAGTCTAGAAGGGGGAGACAGACAACAAAACAAAACATATT	405	Echidna_foc
18535	19401	143	6.0	143	88	5	1156	28	21	19	30	1.97	TCATCTGTCAAATGGGGATGAAGTCTGTGAGTCCCCCGTGGGACAACCTGATCACCTTGTATCTACCCCAGCGCTTAGAACAGTGCTTGGCACATAGTAAGAATGTAACAAATACCATTATTATTATTACTATTATTATTATG	TCATCTGTAAAATGCGGATTAAGACTATAAGCCCCCTGTGGGACAACCTGATCACCTTGTATCCCCCCCAGCGCTTAGAACAGTGCTTGGCACAGAGTAAGCGCTTAACAAATACCGTCATCATTATTCTCTGGGCCTCAGTTCCCTCATGTGTAAAATGGGGATGAAGACTGTGAGTCCCCCGTGGGACAACCTGATCACCTTGTAACCTCCCCAGCGCTTAGAACAGTGCTTGGCACATAGTAAGAATGTAACAAATACCATTATTATTATTACTATTATTATTATGTCATCTGTCAAATGGGTATGAAGTCTGTGAGTCCCCCGTGGGACAACCTGATCACCTTGTATCTACCCCAGTGCTTAGAACAGTGCTTGGCACATAGTAAGAATGTAACAAATACCATTATTATTTTTATTATTATTATGTCATCTGTCAAATGGGGATGAAGTCTGTGAGTCCCCCGTGGGACAACCTGATCACCTTGTATCTACCCCAGTGCTTAGAACAGTGCTTGGCACATAGTAAGAACGTAACAAATACCATTATTATTATTATTATTATTATTATTATATCTGTCAAATGGGGGTGAAGTCTGTGAGTCCCACGGGGGACAACCTGATCACCTTGTATCTACCCCAGCGCTTAGAACAGTGCTTGGCACATAGTAAGAATGTAACGAATACCATTATTATTATTATTATTATGATGATGATTATTTATGTCATCTGTCAAATGGGGATGAAGTCTGTGAGTCCCCCGTGGGACAACCTGATCACCTTGTATCTACCCCAGTGCTTAGAACAGTGCTTGGCACATAGTAAGAATGTAACAAATACCACTGTTATTATTATTATTATTATTAT	TGTTGTGTGACCTTGGGCAAGTCACTTCGCTTCTGTGGGCCTCAGTTACC	TATTATTATTATTATTATTATTATTATTATGTCATCTGTCAAATGGGGAT	866	Echidna_foc
18566	19403	283	2.9	285	89	4	1191	28	21	19	30	1.97	CCCCCGTGGGACAACCTGATCACCTTGTATCTACCCCAGCGCTTAGAACAGTGCTTGGCACATAGTAAGAATGTAACAAATACCATTATTATTATTTATTATTAGTTATGTCATCTGTCAAATGGGGATGAAGTCTGTGAGTCCCCCGTGGGACAACCTGATCACCTTGTATCTACCCCAGTGCTTAGAACAGTGCTTGGCACATAGTAAGAATGTAACAAATACCATTATTATTATTATTATTATTATTATTACATCTGTCAAATGGGGATGAAGTCTGTGAGT	CCCCCTGTGGGACAACCTGATCACCTTGTATCCCCCCCAGCGCTTAGAACAGTGCTTGGCACAGAGTAAGCGCTTAACAAATACCGTCATCATTATTCTCTGGGCCTCAGTTCCCTCATGTGTAAAATGGGGATGAAGACTGTGAGTCCCCCGTGGGACAACCTGATCACCTTGTAACCTCCCCAGCGCTTAGAACAGTGCTTGGCACATAGTAAGAATGTAACAAATACCATTATTATTATTACTATTATTATTATGTCATCTGTCAAATGGGTATGAAGTCTGTGAGTCCCCCGTGGGACAACCTGATCACCTTGTATCTACCCCAGTGCTTAGAACAGTGCTTGGCACATAGTAAGAATGTAACAAATACCATTATTATTTTTATTATTATTATGTCATCTGTCAAATGGGGATGAAGTCTGTGAGTCCCCCGTGGGACAACCTGATCACCTTGTATCTACCCCAGTGCTTAGAACAGTGCTTGGCACATAGTAAGAACGTAACAAATACCATTATTATTATTATTATTATTATTATTATATCTGTCAAATGGGGGTGAAGTCTGTGAGTCCCACGGGGGACAACCTGATCACCTTGTATCTACCCCAGCGCTTAGAACAGTGCTTGGCACATAGTAAGAATGTAACGAATACCATTATTATTATTATTATTATGATGATGATTATTTATGTCATCTGTCAAATGGGGATGAAGTCTGTGAGTCCCCCGTGGGACAACCTGATCACCTTGTATCTACCCCAGTGCTTAGAACAGTGCTTGGCACATAGTAAGAATGTAACAAATACCACTGTTATTATTATTATTATTATTATTA	TCTGTGGGCCTCAGTTACCTCATCTGTAAAATGCGGATTAAGACTATAAG	TTATTATTATTATTATTATTATTATTATGTCATCTGTCAAATGGGGATGA	837	Echidna_foc
19080	19108	3	9.7	3	100	0	58	34	0	0	65	0.93	ATT	ATTATTATTATTATTATTATTATTATTAT	CCCAGTGCTTAGAACAGTGCTTGGCACATAGTAAGAACGTAACAAATACC	ATCTGTCAAATGGGGGTGAAGTCTGTGAGTCCCACGGGGGACAACCTGAT	28	Echidna_foc
18681	20151	283	4.8	296	79	13	1405	29	18	18	32	1.96	TCATCTGTCAAATGGGGATGAAGTCTGTGAGTCCCCCGTGGGACAACCTGATCACCTTGTATCTACCCCAGTGCTTAGAACAGTGCTTGGCACATAGTAAGAATGTAACAAATACCTATTATTATTATTATTATTATTATTATTATTATCTGTCAAATGGGGGTGAAGTCTGTGAGTCCCACGGGGGACAACCTGATCACCTTGTATCTACCCCAGCGCTTAGAACAGTGCTTGGCACATAGTAAGAATGTAACAAATACCATTATTATTATTATTATTATGATATATTATTTATG	TCATGTGTAAAATGGGGATGAAGACTGTGAGTCCCCCGTGGGACAACCTGATCACCTTGTAACCTCCCCAGCGCTTAGAACAGTGCTTGGCACATAGTAAGAATGTAACAAATACCATTATTATTATTACTATTATTATTATGTCATCTGTCAAATGGGTATGAAGTCTGTGAGTCCCCCGTGGGACAACCTGATCACCTTGTATCTACCCCAGTGCTTAGAACAGTGCTTGGCACATAGTAAGAATGTAACAAATACCATTATTATTTTTATTATTATTATGTCATCTGTCAAATGGGGATGAAGTCTGTGAGTCCCCCGTGGGACAACCTGATCACCTTGTATCTACCCCAGTGCTTAGAACAGTGCTTGGCACATAGTAAGAACGTAACAAATACCATTATTATTATTATTATTATTATTATTATATCTGTCAAATGGGGGTGAAGTCTGTGAGTCCCACGGGGGACAACCTGATCACCTTGTATCTACCCCAGCGCTTAGAACAGTGCTTGGCACATAGTAAGAATGTAACGAATACCATTATTATTATTATTATTATGATGATGATTATTTATGTCATCTGTCAAATGGGGATGAAGTCTGTGAGTCCCCCGTGGGACAACCTGATCACCTTGTATCTACCCCAGTGCTTAGAACAGTGCTTGGCACATAGTAAGAATGTAACAAATACCACTGTTATTATTATTATTATTATTATTATTATTATTATTATTATTATTATTATTATGTCATCTGTCAAATGGGGATGAAGTCTGTGAGTCCCACGTGGGACAACCTGATCACCTTGTATCTACCCCAGTGCTTAGAACAGTGCTTGGCACATAGTAAGAATGTAACAAATACCATTATTATTATTATATCTGTCAAATGGGGGTGAAGTCTGTGAGTCTGTGAGTCCCACGGGAGACAACCTGATCACCAGCGCTTAGAACAGTGCTTGACACATAGTAAGAACATAACAAATACCATTATTATTATTATTATTATTATTATCACTATTATTATTATTATTATTATTATTAATCTGTCAAATGGGGGTGAAGCCTGTGAGTCCCACGGGGGACAACCTGATCACCTTGTATCTACCCCAGCGCTTAGAACAGCGCTTGGCACATAGTAAGAACGTAACAAATACCATTATTATTATTATTATTATTATTATTATTATTATTATTATGTCATCTGTCAAATGGGAATGAAGTCTGTGAGTCCCACGGGGGACAACCTGATCACCTTGTATCCTCCCCAGTGCTTAGAACAGTGCTTGTCACATAGTAAGAATGTAACAGATACCACTGTTTTATTATTATTATTATTATTGTTATTATTATTATTTTTATTATGTCATCTGTCAAATGGGGATGAAGTCTGTGAGTCCCACGGGGGACAACCTGATCACCTTGTATCTACCCCAGCGCTTAGAACAGTGCTTGGCACAGAGTAAGAA	GTAAGCGCTTAACAAATACCGTCATCATTATTCTCTGGGCCTCAGTTCCC	CTTAACACTGAGCCCCCTCCTTCCTTTCTCCCTCCTCCCCCTTCCCATCC	1470	Echidna_foc
19380	19431	3	17.3	3	100	0	104	32	0	0	67	0.91	TTA	TTATTATTATTATTATTATTATTATTATTATTATTATTATTATTATTATTAT	GTGCTTAGAACAGTGCTTGGCACATAGTAAGAATGTAACAAATACCACTG	GTCATCTGTCAAATGGGGATGAAGTCTGTGAGTCCCACGTGGGACAACCT	51	Echidna_foc
18940	19410	153	3.2	151	89	4	760	29	18	18	34	1.94	ATTATTATTATTATTATTATTATGTCATCTGTCAAATGGGGATGAAGTCTGTGAGTCCCCCGTGGGACAACCTGATCACCTTGTATCTACCCCAGTGCTTAGAACAGTGCTTGGCACATAGTAAGAATGTAACAAATACCACTTTATTATT	ATTATTATTTTTATTATTATTATGTCATCTGTCAAATGGGGATGAAGTCTGTGAGTCCCCCGTGGGACAACCTGATCACCTTGTATCTACCCCAGTGCTTAGAACAGTGCTTGGCACATAGTAAGAACGTAACAAATACCATTATTATTATTATTATTATTATTATTATATCTGTCAAATGGGGGTGAAGTCTGTGAGTCCCACGGGGGACAACCTGATCACCTTGTATCTACCCCAGCGCTTAGAACAGTGCTTGGCACATAGTAAGAATGTAACGAATACCATTATTATTATTATTATTATGATGATGATTATTTATGTCATCTGTCAAATGGGGATGAAGTCTGTGAGTCCCCCGTGGGACAACCTGATCACCTTGTATCTACCCCAGTGCTTAGAACAGTGCTTGGCACATAGTAAGAATGTAACAAATACCACTGTTATTATTATTATTATTATTATTATTATTAT	CCCAGTGCTTAGAACAGTGCTTGGCACATAGTAAGAATGTAACAAATACC	TATTATTATTATTATTATTATGTCATCTGTCAAATGGGGATGAAGTCTGT	470	Echidna_foc
19223	19562	173	2.0	174	95	0	619	30	16	17	36	1.92	ATTATTATTATTATTATTATGATGATGATTATTTATGTCATCTGTCAAATGGGGATGAAGTCTGTGAGTCCCACGTGGGACAACCTGATCACCTTGTATCTACCCCAGTGCTTAGAACAGTGCTTGGCACATAGTAAGAATGTAACAAATACCACTATTATTATTATTATTATT	ATTATTATTATTATTATTATGATGATGATTATTTATGTCATCTGTCAAATGGGGATGAAGTCTGTGAGTCCCCCGTGGGACAACCTGATCACCTTGTATCTACCCCAGTGCTTAGAACAGTGCTTGGCACATAGTAAGAATGTAACAAATACCACTGTTATTATTATTATTATTATTATTATTATTATTATTATTATTATTATTATTATGTCATCTGTCAAATGGGGATGAAGTCTGTGAGTCCCACGTGGGACAACCTGATCACCTTGTATCTACCCCAGTGCTTAGAACAGTGCTTGGCACATAGTAAGAATGTAACAAATACCATTATTATTATTAT	CCCAGCGCTTAGAACAGTGCTTGGCACATAGTAAGAATGTAACGAATACC	ATCTGTCAAATGGGGGTGAAGTCTGTGAGTCTGTGAGTCCCACGGGAGAC	339	Echidna_foc
19672	19726	3	18.3	3	92	0	92	34	3	0	61	1.13	ATT	ATTATTATTATTATTATTATTATTATCACTATTATTATTATTATTATTATTATTA	ACCAGCGCTTAGAACAGTGCTTGACACATAGTAAGAACATAACAAATACC	ATCTGTCAAATGGGGGTGAAGCCTGTGAGTCCCACGGGGGACAACCTGAT	54	Echidna_foc
19623	20158	158	3.3	164	87	6	791	30	18	17	33	1.94	CCAGCGCTTAGAACAGTGCTTGGCACATAGTAAGAACGTAACAAATACCATTTATTATTATTATTATTATTATTATTATTATTATTATTATTATTATTCATCTGTCAAATGGGGATGAAGTCTGTGAGTCCCACGGGGGACAACCTGATCACCTTGTATCTACC	CCAGCGCTTAGAACAGTGCTTGACACATAGTAAGAACATAACAAATACCATTATTATTATTATTATTATTATTATCACTATTATTATTATTATTATTATTATTAATCTGTCAAATGGGGGTGAAGCCTGTGAGTCCCACGGGGGACAACCTGATCACCTTGTATCTACCCCAGCGCTTAGAACAGCGCTTGGCACATAGTAAGAACGTAACAAATACCATTATTATTATTATTATTATTATTATTATTATTATTATTATGTCATCTGTCAAATGGGAATGAAGTCTGTGAGTCCCACGGGGGACAACCTGATCACCTTGTATCCTCCCCAGTGCTTAGAACAGTGCTTGTCACATAGTAAGAATGTAACAGATACCACTGTTTTATTATTATTATTATTATTGTTATTATTATTATTTTTATTATGTCATCTGTCAAATGGGGATGAAGTCTGTGAGTCCCACGGGGGACAACCTGATCACCTTGTATCTACCCCAGCGCTTAGAACAGTGCTTGGCACAGAGTAAGAACTTAACA	TGGGGGTGAAGTCTGTGAGTCTGTGAGTCCCACGGGAGACAACCTGATCA	CTGAGCCCCCTCCTTCCTTTCTCCCTCCTCCCCCTTCCCATCCCCCGCCT	535	Echidna_foc
19841	19881	3	13.7	3	100	0	82	34	0	0	65	0.93	ATT	ATTATTATTATTATTATTATTATTATTATTATTATTATTAT	CCCAGCGCTTAGAACAGCGCTTGGCACATAGTAAGAACGTAACAAATACC	GTCATCTGTCAAATGGGAATGAAGTCTGTGAGTCCCACGGGGGACAACCT	40	Echidna_foc
20005	20047	3	14.3	3	90	0	68	27	0	2	69	1.0	TTA	TTATTATTATTATTATTATTGTTATTATTATTATTTTTATTAT	GCTTAGAACAGTGCTTGTCACATAGTAAGAATGTAACAGATACCACTGTT	GTCATCTGTCAAATGGGGATGAAGTCTGTGAGTCCCACGGGGGACAACCT	42	Echidna_foc
19623	20158	166	3.3	165	87	6	802	30	18	17	33	1.94	CCAGCGCTTAGAACAGTGCTTGGCACATAGTAAGAACGTAACAAATACCACTTTTTATTATTATTATTATTATTATTATTATTATTATTATTATTATGTCATCTGTCAAATGGGGATGAAGTCTGTGAGTCCCACGGGGGACAACCTGATCACCTTGTATCTACC	CCAGCGCTTAGAACAGTGCTTGACACATAGTAAGAACATAACAAATACCATTATTATTATTATTATTATTATTATCACTATTATTATTATTATTATTATTATTAATCTGTCAAATGGGGGTGAAGCCTGTGAGTCCCACGGGGGACAACCTGATCACCTTGTATCTACCCCAGCGCTTAGAACAGCGCTTGGCACATAGTAAGAACGTAACAAATACCATTATTATTATTATTATTATTATTATTATTATTATTATTATGTCATCTGTCAAATGGGAATGAAGTCTGTGAGTCCCACGGGGGACAACCTGATCACCTTGTATCCTCCCCAGTGCTTAGAACAGTGCTTGTCACATAGTAAGAATGTAACAGATACCACTGTTTTATTATTATTATTATTATTGTTATTATTATTATTTTTATTATGTCATCTGTCAAATGGGGATGAAGTCTGTGAGTCCCACGGGGGACAACCTGATCACCTTGTATCTACCCCAGCGCTTAGAACAGTGCTTGGCACAGAGTAAGAACTTAACA	TGGGGGTGAAGTCTGTGAGTCTGTGAGTCCCACGGGAGACAACCTGATCA	CTGAGCCCCCTCCTTCCTTTCTCCCTCCTCCCCCTTCCCATCCCCCGCCT	535	Echidna_foc
20246	20312	31	2.1	32	86	2	91	23	13	5	56	1.59	TTGTACACATTTACTACTCTATTGATTTTATC	TTGTACACATTTATTACTCTATTGATTTTACTTGTACATATTTACTATTCTATTTATTTTATCTTGT	CCATCCCCCGCCTTACCTCCTTCCCCTCCCCACAACACCTGTATAGATGT	TAATATGTTTGGTTTTGTTGTCTGTTTCCCCCTTCTAGACTGTGAGACCA	66	Echidna_foc
20874	20900	4	6.8	4	100	0	54	51	0	25	22	1.48	GAAT	GAATGAATGAATGAATGAATGAATGAA	CCCGAGCGCTTAGTCCAGTGCTCTGCACACAGTAAGAGCTCAATAAATAC	CAAATACCATTATTGCTATTATTATTATTATTATTAATCTGCATTAATTG	26	Echidna_foc
21260	21305	4	11.5	4	100	0	92	47	0	26	26	1.52	TGAA	TGAATGAATGAATGAATGAATGAATGAATGAATGAATGAATGAATG	AAGCGCTTAGTCCAGTGCTCTGCACACAGTCAGCGCTCAATAAATACGAT	GTTATGTCATCTGCGAAATGGGGATGAAGTCTGTGAGCCCCACGGGGGAC	45	Echidna_foc
21606	21630	4	6.2	4	100	0	50	76	0	0	24	0.8	AAAT	AAATAAATAAATAAATAAATAAATA	AACCAAACACATTAACAAAATAAAATAAATAGAATAGTTATGTACAAGTA	GAGTCATAAATATGTACAAACATACATGCATATATACAGGTGCTGTGGGG	24	Echidna_foc
22128	22857	267	2.6	266	87	6	994	23	22	20	33	1.97	TTGTACATATTTATTGTATTTATTTTATTTTGTTAATATGTTTGGTTTTGTTCTCTGTCTCCCCCTTCTAGACTGTGAGCCCATGTTGGGTAGGGACCGTCTCTATGTGTTGCCAACTTGTACTTCCCAAGCGCTTAGTACAGTGCTCCGCACACAGTAAGCGCTCAATAAACACGATTGAATAAATGAATGACTGTTGGGGGTGGGGAGGCCCCCTGCCTCGCGCCAGGACGATAAACAAATATCACAATACACGATAAATATGT	TTGTACATATTTATTCCATTTATTTTATTTGGTTCATATGTTTGGTTTTGTTATTCCGTCTCCCCCTTCTAGACCGTGAGCCCGCTGTTGGGTAGGGACCGTCTCTAGATGTTGCCAACTTGGACTTCCCAAGCGCTTAGTACAGTGCTCCGCACACAGTAGGCGCTCAATAAACACGATTGAATAAATGAATGACTGTTGGGGGTGGGGAGGCCCCCTGCCTCGCGCCAGGACGATAAATAAATATCACAATACACGATAAATATGTTTGTACATATTTATTGTATTTATTTTATTTTGTTAATATGTTTTGTTTTGTTCTCTGTCTCCCCCTGCTAGACTGTGAGCCCATTTTCGGGTAGGGACCGTCTCTATGTGTTGCCAACTTGTACTTCCCAAGCGCTTAGTACAGTGCTCCGCACACAGTAAGCGCTCAATAAACAGGATTGAATAAATGAATGACTGTTGGGGGTGGGGAGGCCCCCTGCCTCGCGCCAGGACGATAAACAAATATCACAATACACGATAAATATGTTTGTACGTATTTATTACTCTATTTGTACCTATTTATTCTATTCATTTTATTTTGTTAGTACGTTTGGTTTTGTTCTCTGTCTCCCCCTTCTAGACTGTGAGCCCACTGTTGGGTAGGGACCGTCTCTATATGGTGCCAACTTGTACTTCCCAAGTGCTCAGTACAGTGCTCTGCACACAGTAAGCGCTCCATAAA	ACAATAAATATGTTTGTACATATTTATTACCCTCTATTTTTTTATTTTAC	TACAACTGAATGAACGTATAACATTTACTCGGTTTATTTATTTTACTTGT	729	Echidna_foc
22685	23090	219	1.9	219	91	0	668	21	21	19	38	1.94	TTGTACATATCTATTCTATTCATTTTATTTTGTTAGTACGTTTGGTTTTGTTCTCTGTCTCCCCCTTCTAGACTGTGAGCCCACTGTTGGGTAGGGACCGTCTCTATATGGTGCCAACTTGGACTTCCCAAGCGCTCAGTACAGTGCTCTGCACACAGTAAGCGCTCAATAAATACAACTGAATGAACGTATAACATTTACTCGGTTTATTTATTTTAC	TTGTACCTATTTATTCTATTCATTTTATTTTGTTAGTACGTTTGGTTTTGTTCTCTGTCTCCCCCTTCTAGACTGTGAGCCCACTGTTGGGTAGGGACCGTCTCTATATGGTGCCAACTTGTACTTCCCAAGTGCTCAGTACAGTGCTCTGCACACAGTAAGCGCTCCATAAATACAACTGAATGAACGTATAACATTTACTCGGTTTATTTATTTTACTTGTACATATCTATTCTATTTATTTTATTTTGTTAGTATGTTTGGTTTTGTTCTCTGTCTCCCCCTTCTAGACTGTGAGCCCGCTGTTGGGTAGGGACTGTCTCTATGTGTTGCCAACTTGGACTTCTCAAGCGCTTAGTACAGTGCTCTGCACAGAGTAAGCGCTCAATAAATACGACTGAGTGAA	CAAATATCACAATACACGATAAATATGTTTGTACGTATTTATTACTCTAT	TGAATGACTGTTGGGGGTGGGAGGCCCCCTGTCTCGCGCGCGGACGGTAA	405	Echidna_foc
23257	23361	23	4.5	23	66	16	63	20	7	9	61	1.51	TTTATTTATTTTACTTGTACATG	TTTATTTATTTTACTTGTACATGTTTATTCTATTTATTTTATTTGGTTTAATATGTTGTTACTCGATGTATTTATTTATTTTACTTGTACATGTTTATTCTATTT	ACGTTTATTCCATTCATTTTATTTGGTTTAATATGTTGTTACTCGATGTA	ATTTTATTTGGTTTAATATGTTGTTTTGTTATTCCTTCTCCCCCTTCTAG	104	Echidna_foc
23255	23370	32	3.4	32	69	22	101	21	6	8	62	1.47	TATTTATTTATTTTACTTGTACATGTTTATTC	TATTTATTTATTTTACTTGTACATGTTTATTCTATTTATTTTATTTGGTTTAATATGTTGTTACTCGATGTATTTATTTATTTTACTTGTACATGTTTATTCTATTTATTTTATTT	ACACGTTTATTCCATTCATTTTATTTGGTTTAATATGTTGTTACTCGATG	GGTTTAATATGTTGTTTTGTTATTCCTTCTCCCCCTTCTAGACCGTGAGC	115	Echidna_foc
23175	23386	70	3.0	70	97	0	388	21	8	11	58	1.59	TTACTCGATGTATTTATTTATTTTACTTGTACATGTTTATTCTATTTATTTTATTTGGTTTAATATGTTG	TTACTCGATGTATTTACTTATTTTACTTGTACACGTTTATTCCATTCATTTTATTTGGTTTAATATGTTGTTACTCGATGTATTTATTTATTTTACTTGTACATGTTTATTCTATTTATTTTATTTGGTTTAATATGTTGTTACTCGATGTATTTATTTATTTTACTTGTACATGTTTATTCTATTTATTTTATTTGGTTTAATATGTTGTT	CGCGCGCGGACGGTAAATATCACAGTACACAATAAATATGTTTGTACATA	TTGTTATTCCTTCTCCCCCTTCTAGACCGTGAGCCCGCTGTCGGGTAGGG	211	Echidna_foc
23224	23337	32	3.2	37	67	22	116	21	6	12	60	1.53	TTTATTTGGTTTAATATGTTGTTACTCGATGTATTTA	TTTATTTGGTTTAATATGTTGTTACTCGATGTATTTATTTATTTTACTTGTACATGTTTATTCTATTTATTTTATTTGGTTTAATATGTTGTTACTCGATGTATTTATTTATTT	ATTACTCGATGTATTTACTTATTTTACTTGTACACGTTTATTCCATTCAT	TACTTGTACATGTTTATTCTATTTATTTTATTTGGTTTAATATGTTGTTT	113	Echidna_foc
23581	24020	91	4.8	95	79	9	398	8	40	38	12	1.75	GGGGGGGCGCGGTTTCAGGTTCCCCCCTCGGCCTCGCTCCGCCCGGGCGCCCCACGCTCAGGGCTGCGCGCGCACGAGTGGCCCAAGGGCACGGG	GGGGGGGGCGGTTTCAGGTTCCCCCTTCGGCCTCGCGCCCGGGCGCCCCACGCTCGGGGCTGCGCGCGCACGAGTGGCCCGAGGGCACGGGGGCGGGGCGCGGTTTCAGGCTCCCCCCTCGGCCTCGCTCCCGCCCGGCCGCCCCACGCTCAGGGCTGCGCGCGCACGAGTGGCCTCAAGGGACGGGGTGGGGGGGCGCGGTTTCAGGTTCCCCCCTCGGCCTCGCTCCGGCCCGGGCGCCGCACGCTCTGGGCTACGCACGCGCGCACGAAAGGACGTGGAGAGCGGTTTCAGGCTCCCCCCTCGACCTCGTTCCCGCCCGGGCGACCCACGCTCGGGGCTGCGCGCGCACGAGTGACCCGAGGGGACGGGGGAACGGTTTCAGGCTCCCCCCTCGGCCTCGCTCCCGCCCGGGCGCCTCACGCTCGGGGTTGCGCGCG	ATGGTTGACGAGCGGCCTGAGGGGACGGGGGGAGGGGCGCGCCTCCCCGC	TGCGCGCACGAGTGGCCTGAGGGGACGGGGGCAGCGTTTTCAGGCTCCCC	439	Echidna_foc
23680	24007	185	1.8	178	86	4	476	9	41	35	13	1.77	GCGGTTTCAGGCTCCCCCCTCGACCTCGCTCCCGCCCGGCCGACCCACGCTCAGGGCTGCGCGCGCACGAGTGACCCGAGGGGACGGGGGAACGGTTTCAGGCTCCCCCCTCGGCCTCGCTCCCGCCCGGGCGCCGCACGCTCTGGGCTACGCACGCGCGCACGAAAGGACGTGGAGA	GCGGTTTCAGGCTCCCCCCTCGGCCTCGCTCCCGCCCGGCCGCCCCACGCTCAGGGCTGCGCGCGCACGAGTGGCCTCAAGGGACGGGGTGGGGGGGCGCGGTTTCAGGTTCCCCCCTCGGCCTCGCTCCGGCCCGGGCGCCGCACGCTCTGGGCTACGCACGCGCGCACGAAAGGACGTGGAGAGCGGTTTCAGGCTCCCCCCTCGACCTCGTTCCCGCCCGGGCGACCCACGCTCGGGGCTGCGCGCGCACGAGTGACCCGAGGGGACGGGGGAACGGTTTCAGGCTCCCCCCTCGGCCTCGCTCCCGCCCGGGCGCCTCACGCTC	ACGCTCGGGGCTGCGCGCGCACGAGTGGCCCGAGGGCACGGGGGCGGGGC	GGGGTTGCGCGCGTGCGCGCACGAGTGGCCTGAGGGGACGGGGGCAGCGT	327	Echidna_foc
23923	24278	182	2.0	179	84	3	473	8	41	37	12	1.73	GCGCGCGCACGAGCGACCCGAGGGGACGGGGGAACGGTTTCAGGCTCCCCCCTCGACCTCGCTCCCGCCCGGGCGCCTCACGATCGGGGCTGCGCGCGCGCGCACGAGCGGCCCGAGAGGACGTGGGGAGCGTTTTCAGGCCCCCCCCCCCCTCGACCTCAATCCCGCCCGGGCGCCGC	GCGCGCGCACGAGTGACCCGAGGGGACGGGGGAACGGTTTCAGGCTCCCCCCTCGGCCTCGCTCCCGCCCGGGCGCCTCACGCTCGGGGTTGCGCGCGTGCGCGCACGAGTGGCCTGAGGGGACGGGGGCAGCGTTTTCAGGCTCCCCCCCCCGCCGGCCTCAATCCCGCCCGGGCGCCGCGCGCGCGCACGAGCGGCCCGAGGGGCCGGGGGCAGCGTTTTCAGGCTCCCCCCTCGACGTCGGTCCCGCCCGGGCGCCTCACGATCGGGGCTGCGTGCGCGCGCACGAGCGGCCCGAGAGGCCGTGGGGTGCGTTTTCAGGCCCCCCCCCCCCTCGACCTCGCTCCCGCCCGGGC	AGGCTCCCCCCTCGACCTCGTTCCCGCCCGGGCGACCCACGCTCGGGGCT	CCCTCACGCTCGGGACTACGCGCGCACGTGCGGCTCGAGGGGACCGGTTT	355	Echidna_foc
24104	24292	100	1.9	97	86	6	265	7	43	36	12	1.71	GCGCGCGCACGAGCGGCCCGAGAGGCCGGGGGCAGCGTTTTCAGGCCCCCCCCCTCGACCTCGCTCCCGCCCGGGCCCCTCACGATCGGGGCTGCGT	GCGCGCGCACGAGCGGCCCGAGGGGCCGGGGGCAGCGTTTTCAGGCTCCCCCCTCGACGTCGGTCCCGCCCGGGCGCCTCACGATCGGGGCTGCGTGCGCGCGCACGAGCGGCCCGAGAGGCCGTGGGGTGCGTTTTCAGGCCCCCCCCCCCCTCGACCTCGCTCCCGCCCGGGCCCCTCACGCTCGGG	GCGTTTTCAGGCTCCCCCCCCCGCCGGCCTCAATCCCGCCCGGGCGCCGC	ACTACGCGCGCACGTGCGGCTCGAGGGGACCGGTTTCAGGCTCCCCGCCC	188	Echidna_foc
24105	24317	96	2.2	95	82	8	245	8	42	36	12	1.74	CGCGCGCACGAGCGGCCCGAGAGGCCGGGGGCAGCGTTTTCAGGCCCCCCCCTCGACCTCGCTCCCGCCCGGGCCCCTCACGATCGGGGCACGTA	CGCGCGCACGAGCGGCCCGAGGGGCCGGGGGCAGCGTTTTCAGGCTCCCCCCTCGACGTCGGTCCCGCCCGGGCGCCTCACGATCGGGGCTGCGTGCGCGCGCACGAGCGGCCCGAGAGGCCGTGGGGTGCGTTTTCAGGCCCCCCCCCCCCTCGACCTCGCTCCCGCCCGGGCCCCTCACGCTCGGGACTACGCGCGCACGTGCGGCTCGAG	CGTTTTCAGGCTCCCCCCCCCGCCGGCCTCAATCCCGCCCGGGCGCCGCG	GGGACCGGTTTCAGGCTCCCCGCCCGGGCGCGGGGGGGAAGCGCGCGCGT	212	Echidna_foc
24460	24496	2	18.5	2	89	10	58	45	51	2	0	1.15	CA	CACACGACACACCACACACACACACACACACACACAC	GGGGCCGCCGAGGAGGCCCGGCCCCAGGGCGCGCGCGCGCGCGCACACCG	CCCCGCACCCCCCGCCAGACCGCCTGACAGAGAGGGGGAGGGCAGGGAGA	36	Echidna_foc
24453	24497	12	3.5	13	87	9	65	42	53	4	0	1.21	CACACCACACACA	CACACCGCACACGACACACCACACACACACACACACACACACACC	GGGAGAGGGGGCCGCCGAGGAGGCCCGGCCCCAGGGCGCGCGCGCGCGCG	CCCGCACCCCCCGCCAGACCGCCTGACAGAGAGGGGGAGGGCAGGGAGAC	44	Echidna_foc
24793	24825	10	3.3	10	95	0	57	0	66	33	0	0.92	CCCGGCCCGG	CCCGCCCCGGCCCGGCCCGGCCCGGCCCGGCCC	CGGCCCAGGCCTCCGCCTCCTCCTCCTCCTCCGCCACCGCCCCTCCGAGC	TCGCCTCCGCTCCTCCTCCTCCTGCTCCGGCCCCTCCCGCTCCCGCTCCT	32	Echidna_foc
24793	24825	15	2.2	15	94	0	57	0	66	33	0	0.92	CCCGCCCCGGCCCGG	CCCGCCCCGGCCCGGCCCGGCCCGGCCCGGCCC	CGGCCCAGGCCTCCGCCTCCTCCTCCTCCTCCGCCACCGCCCCTCCGAGC	TCGCCTCCGCTCCTCCTCCTCCTGCTCCGGCCCCTCCCGCTCCCGCTCCT	32	Echidna_foc
24945	24979	18	1.9	18	100	0	70	0	74	20	5	1.02	CCCTCCGCCGCCCGCCCG	CCCTCCGCCGCCCGCCCGCCCTCCGCCGCCCGCCC	TTCCCGCTGCCCGTCCCGGGCGGCTCGTCCCCCCGGTTCCCTCCCCCGGT	TCCGCGGCCTCCGGAGCCTCCGGAGCCATGGGAAACGCGGCCACCGCCAA	34	Echidna_foc
24956	24984	14	2.1	14	100	0	58	0	72	20	6	1.07	CCGCCCGCCCTCCG	CCGCCCGCCCTCCGCCGCCCGCCCTCCGC	CGTCCCGGGCGGCTCGTCCCCCCGGTTCCCTCCCCCGGTCCCTCCGCCGC	GGCCTCCGGAGCCTCCGGAGCCATGGGAAACGCGGCCACCGCCAAGAAAG	28	Echidna_foc
25216	25294	14	5.7	13	71	16	61	0	75	7	16	1.01	CTCCCCCCCTCCC	CTCCCCCCCTTCCCCTCCCCCCGTCCCCCCCCGCCCTCCCCTCCCTCTGTCGCCCTCCGGCCCCCTCCCCCTCCCCCCC	CCCCCTTAGGCCCCCTTAGCTGCGGGCCGAGGAGCGGCCGCTGCCCGCCG	AAACCCCCTGGCTTCAATACGTCCTCCTCTCCCCCCTGCTGTCTCTCCCC	78	Echidna_foc
25211	25293	26	2.9	28	72	18	82	0	74	9	15	1.06	CGCCCTCCCCCCCTTCCCCTCCCCCCGT	CGCCGCTCCCCCCCTTCCCCTCCCCCCGTCCCCCCCCGCCCTCCCCTCCCTCTGTCGCCCTCCGGCCCCCTCCCCCTCCCCCC	CCGGGCCCCCTTAGGCCCCCTTAGCTGCGGGCCGAGGAGCGGCCGCTGCC	CAAACCCCCTGGCTTCAATACGTCCTCCTCTCCCCCCTGCTGTCTCTCCC	82	Echidna_foc
25387	25829	34	13.2	34	68	20	138	0	63	1	34	1.07	TCCCCTCCCTCTCCTCCCCTTCCTTCCTCTCCCC	TCCCCTTCCCTCTCCTCCCTCTGCTCCCTCTCCCCTCCCGTCTTTCCCCATTCCCTCTTCCTCTCCCCTCCCCTCCCTCTCCTCCCCTTCCTTCCTCTCCCTCCCCTTTCTCTCCTCCGCTCCTCTCTTTTCCCCTTCCCTCCTCTCCCTCCCTTCCCCTCCTCCTCTCCCCCTCCCTCCCCTCCCCCTCCTCTCTCCTTCCCTCCTCCCCTTCCCCTCCTCCTCGCCCCCTCCCTCCTCTCTTTTCCCATTCCCTCTCCTCCCCCTCTTCCTCTCCCCTTCCCTCCCCTTCCCCTCCTCCTCTCCCCTTCCTTCCTCTCCTTCCTTTCCTCTCTTTTCCCTTTCCCTCCTCCCCTTCCCCTCCTCCTCTGCCCCTTCTCCTCTCCCCTTTCCTCCTCTCCCCTCCCTCCCCATTCCCTCCCTTCCCTCCTCTCCCCTCCCCT	CTCTCCCCTTCCCCCCTTCCCCTCCTGCTCTCCCACCCTCAGCCCTCTTT	TCCCCGCCCCCTCGTCCTCCACCCACCTGCCCCCTCCCCGGTGTCCCGTC	442	Echidna_foc
25438	25720	29	9.6	29	68	21	108	0	63	0	34	1.02	TCCCCTTCCTTCCTCTCCCCTCCCTCTCC	TCCCTCTTCCTCTCCCCTCCCCTCCCTCTCCTCCCCTTCCTTCCTCTCCCTCCCCTTTCTCTCCTCCGCTCCTCTCTTTTCCCCTTCCCTCCTCTCCCTCCCTTCCCCTCCTCCTCTCCCCCTCCCTCCCCTCCCCCTCCTCTCTCCTTCCCTCCTCCCCTTCCCCTCCTCCTCGCCCCCTCCCTCCTCTCTTTTCCCATTCCCTCTCCTCCCCCTCTTCCTCTCCCCTTCCCTCCCCTTCCCCTCCTCCTCTCCCCTTCCTTCCTCTCCTTCCTTTCCTCTC	CCCCTTCCCTCTCCTCCCTCTGCTCCCTCTCCCCTCCCGTCTTTCCCCAT	TTTTCCCTTTCCCTCCTCCCCTTCCCCTCCTCCTCTGCCCCTTCTCCTCT	282	Echidna_foc
25413	25711	115	2.7	114	74	18	281	0	64	1	34	1.05	CCTCTCCCCTCCCTCTTCCCCTTCCCTCTTCCCTCCCCTCCCCTCCCTCTCCTCCCCTTCCTTCCTCTCCCTTCCCCTCTCTCGCCCCCTCCCTCCTCTCTTTTCCCATTCCCT	CCTCTCCCCTCCCGTCTTTCCCCATTCCCTCTTCCTCTCCCCTCCCCTCCCTCTCCTCCCCTTCCTTCCTCTCCCTCCCCTTTCTCTCCTCCGCTCCTCTCTTTTCCCCTTCCCTCCTCTCCCTCCCTTCCCCTCCTCCTCTCCCCCTCCCTCCCCTCCCCCTCCTCTCTCCTTCCCTCCTCCCCTTCCCCTCCTCCTCGCCCCCTCCCTCCTCTCTTTTCCCATTCCCTCTCCTCCCCCTCTTCCTCTCCCCTTCCCTCCCCTTCCCCTCCTCCTCTCCCCTTCCTTCCTCTCCTTCC	GCTCTCCCACCCTCAGCCCTCTTTTCCCCTTCCCTCTCCTCCCTCTGCTC	TTTCCTCTCTTTTCCCTTTCCCTCCTCCCCTTCCCCTCCTCCTCTGCCCC	298	Echidna_foc
25516	25834	20	14.3	22	65	26	106	0	64	0	34	1.03	TTCCCCTCCTCCTCTCCCTCCC	TTCCCCTTCCCTCCTCTCCCTCCCTTCCCCTCCTCCTCTCCCCCTCCCTCCCCTCCCCCTCCTCTCTCCTTCCCTCCTCCCCTTCCCCTCCTCCTCGCCCCCTCCCTCCTCTCTTTTCCCATTCCCTCTCCTCCCCCTCTTCCTCTCCCCTTCCCTCCCCTTCCCCTCCTCCTCTCCCCTTCCTTCCTCTCCTTCCTTTCCTCTCTTTTCCCTTTCCCTCCTCCCCTTCCCCTCCTCCTCTGCCCCTTCTCCTCTCCCCTTTCCTCCTCTCCCCTCCCTCCCCATTCCCTCCCTTCCCTCCTCTCCCCTCCCCTTCCCC	TCCTCCCCTTCCTTCCTCTCCCTCCCCTTTCTCTCCTCCGCTCCTCTCTT	GCCCCCTCGTCCTCCACCCACCTGCCCCCTCCCCGGTGTCCCGTCCCATT	318	Echidna_foc
25531	25624	29	3.3	29	82	12	131	0	71	1	27	0.93	CTCCCTCCCCTTCCCCTCCTCCTCTCCCC	CTCCCTCCCTTCCCCTCCTCCTCTCCCCCTCCCTCCCCTCCCCCTCCTCTCTCCTTCCCTCCTCCCCTTCCCCTCCTCCTCGCCCCCTCCCTCC	CTCTCCCTCCCCTTTCTCTCCTCCGCTCCTCTCTTTTCCCCTTCCCTCCT	TCTCTTTTCCCATTCCCTCTCCTCCCCCTCTTCCTCTCCCCTTCCCTCCC	93	Echidna_foc
25646	25720	14	5.2	14	73	9	53	0	62	0	37	0.95	CTCCCCCTCTTCCT	CTCCCCCTCTTCCTCTCCCCTTCCCTCCCCTTCCCCTCCTCCTCTCCCCTTCCTTCCTCTCCTTCCTTTCCTCTC	CCTTCCCCTCCTCCTCGCCCCCTCCCTCCTCTCTTTTCCCATTCCCTCTC	TTTTCCCTTTCCCTCCTCCCCTTCCCCTCCTCCTCTGCCCCTTCTCCTCT	74	Echidna_foc
25560	25706	78	1.9	77	85	5	206	0	65	0	33	1.03	TCCCTCCCCTCCCCCTCCTCTCTCCTCCCTCCTCCCCTTCCCCTCCTCCTCGCCCCCTCCCTCCTCTCTTTTCCCAT	TCCCTCCCCTCCCCCTCCTCTCTCCTTCCCTCCTCCCCTTCCCCTCCTCCTCGCCCCCTCCCTCCTCTCTTTTCCCATTCCCTCTCCTCCCCCTCTTCCTCTCCCCTTCCCTCCCCTTCCCCTCCTCCTCTCCCCTTCCTTCCTCTC	TCTCTTTTCCCCTTCCCTCCTCTCCCTCCCTTCCCCTCCTCCTCTCCCCC	CTTCCTTTCCTCTCTTTTCCCTTTCCCTCCTCCCCTTCCCCTCCTCCTCT	146	Echidna_foc
25449	25689	5	47.6	5	66	11	64	0	65	0	33	1.02	CTCCC	CTCCCCTCCCCTCCCTCTCCTCCCCTTCCTTCCTCTCCCTCCCCTTTCTCTCCTCCGCTCCTCTCTTTTCCCCTTCCCTCCTCTCCCTCCCTTCCCCTCCTCCTCTCCCCCTCCCTCCCCTCCCCCTCCTCTCTCCTTCCCTCCTCCCCTTCCCCTCCTCCTCGCCCCCTCCCTCCTCTCTTTTCCCATTCCCTCTCCTCCCCCTCTTCCTCTCCCCTTCCCTCCCCTTCCCCTCCTCCTC	TCCTCCCTCTGCTCCCTCTCCCCTCCCGTCTTTCCCCATTCCCTCTTCCT	TCCCCTTCCTTCCTCTCCTTCCTTTCCTCTCTTTTCCCTTTCCCTCCTCC	240	Echidna_foc
25661	25781	66	1.9	62	85	12	167	0	60	0	38	1.03	TCCCCTTCCTCCTCCCCTTCCCCTCCTCCTCTGCCCCTTCTCCTCTCCCCTTTCCTCTCTTT	TCCCCTTCCCTCCCCTTCCCCTCCTCCTCTCCCCTTCCTTCCTCTCCTTCCTTTCCTCTCTTTTCCCTTTCCCTCCTCCCCTTCCCCTCCTCCTCTGCCCCTTCTCCTCTCCCCTTTCCTC	CGCCCCCTCCCTCCTCTCTTTTCCCATTCCCTCTCCTCCCCCTCTTCCTC	CTCTCCCCTCCCTCCCCATTCCCTCCCTTCCCTCCTCTCCCCTCCCCTTC	120	Echidna_foc
25643	25790	29	4.9	28	69	24	88	0	61	0	37	1.01	CTCCTCTCCCCTCCTCCTCTCCCCTTTC	CTCCTCCCCCTCTTCCTCTCCCCTTCCCTCCCCTTCCCCTCCTCCTCTCCCCTTCCTTCCTCTCCTTCCTTTCCTCTCTTTTCCCTTTCCCTCCTCCCCTTCCCCTCCTCCTCTGCCCCTTCTCCTCTCCCCTTTCCTCCTCTCCCCT	TCCCCTTCCCCTCCTCCTCGCCCCCTCCCTCCTCTCTTTTCCCATTCCCT	CCCTCCCCATTCCCTCCCTTCCCTCCTCTCCCCTCCCCTTCCCCGCCCCC	147	Echidna_foc
25905	25939	4	8.8	4	93	0	61	0	28	48	22	1.51	GTCG	GTCGGTCGGTCGGTCGGTCGGCCGGTCGGTCGGTC	CCTGCCCCCTCCCCGGTGTCCCGTCCCATTCCCCTCCCGTCCCCCGATCT	CCTCCGGTTTGTGGGGTGCGGAAAGGGAGGCCACCCCGAGGTGGGAGAGG	34	Echidna_foc
33085	33110	3	8.7	3	100	0	52	65	0	0	34	0.93	ATA	ATAATAATAATAATAATAATAATAAT	ACAGGAGGATGGGAGATCAGAAAGGAGGCTGATGCATTAATCCAGTTGGG	GGTAGTATTAAGCGCTTATTATGTGCAAAGCACTGTTCTAAGCGCTGGGG	25	Echidna_foc
33118	33599	250	1.9	250	86	5	689	25	25	25	24	2.0	TTAAGCGCTTACTATATGCAAAGCACTGTTCTAAGCGCTGGGGAGGATACAAGGTGATCAGGTTGTCCAACAGGGGGCTCACAGACTTAATCCCCATTTTCCAGATTAACTGAGGCACAGAGAAGTGACTTGCCCAAAGTCACACAGCAGACAATTGGCAGAGCTGGGATTCGAACCCATGACCTCTGACTCCAAAGCCCATGCTCTTTCCACTGAGCCACGCTGCTTCTCATAATAATGATGGCATTTG	TTAAGCGCTTATTATGTGCAAAGCACTGTTCTAAGCGCTGGGGAGGTTACAGGGTGATCGGGTTGTCCAACGGGGGGCTCACAGACTTAATCCCCATTTTGCAGATTAACTGAGGCACAGAGAAGTGACTTGCCCAAAGTCACACAGCTGACAATTGGCGGAGCTGGGATTTGAACCCATGACCTCTGACTCCAAAGCCCATGCTCTTTCCACTGAGCCACGCTGCTTCTCATAATAATGATGGCATTTGTTAAGCGCTTACTATATGCAAAGCACTGTTCTAAGCGCTGGAGGGGATACAAGGTGATCAGGTTGTCCCACATGGGGCTCACAGTCTTAATCCCCATTTTCCAGATGAGGTAACTGAGGCTCGGAGAAGTTAAGTGACTTGCCCGAGGTCACACAGCAGACATGTGGCAGAGCTGGGATTCGAACCCATGACCTCTGACTCCAAAGCCTGTGCTCTTTCCACTGAGCCACGC	GCATTAATCCAGTTGGGATAATAATAATAATAATAATAATAATGGTAGTA	AGAGCCATTCCATAATAAGATAAGCTGAGATAATAAGATAAGATGAGAGA	481	Echidna_foc
33611	33647	18	2.1	18	94	0	65	54	2	21	21	1.58	ATAATAAGATAAGATGAG	ATAATAAGATAAGCTGAGATAATAAGATAAGATGAGA	TCTGACTCCAAAGCCTGTGCTCTTTCCACTGAGCCACGCAGAGCCATTCC	GATTGAACCAGCAAGGTAGCGGTTTGGATGGAGAGGAAAGGGCGGATCTT	36	Echidna_foc
35683	35935	91	2.8	90	89	7	384	27	16	23	32	1.96	GTATTTATTGAGCGCTTACTGTGTGCAGAGCACTGTACTAAAGCTTGGGAAGTACAAGTTGGCGACATTATTCATTCATTCATTCAATCA	GTATTTATTGAGAGCTTACTGTGTGCAGAGCACTGTACGAAGCGCTTGGGAAGTACAAGTTGGCGACATGTATTCATTCATTCATTCAATCATATTTATTGAGCGCTTACTGTGTGCAGAGCACTGTACTAAATGCTTGGGAAGTACAAGTTGGCGACATATTCATTCATTCATTCAATCAGTCGTATTTATTGAGCGCTTACTGTGTGCAGAGCACTGTATTAAGAGCTTGGGAAGTACAAGTTGGCAACAT	CAACCTGATGAACTCGTATCTACCCCATTCATTCACTAATTCATTCAGTG	ATAGAGATGGTCCCAACCCAACAGCGGGCTCACAGTCTAGAAGGAGGAGA	252	Echidna_foc
35659	35937	93	3.0	91	88	7	402	27	17	22	32	1.96	ATTCATTCATTCATTCAATCAGTGTATTTATTGAGCGCTTACTGTGTGCAGAGCACTGTACTAAAGCTTGGGAAGTACAAGTTGGCGACAT	ATTCATTCACTAATTCATTCAGTGGTATTTATTGAGAGCTTACTGTGTGCAGAGCACTGTACGAAGCGCTTGGGAAGTACAAGTTGGCGACATGTATTCATTCATTCATTCAATCATATTTATTGAGCGCTTACTGTGTGCAGAGCACTGTACTAAATGCTTGGGAAGTACAAGTTGGCGACATATTCATTCATTCATTCAATCAGTCGTATTTATTGAGCGCTTACTGTGTGCAGAGCACTGTATTAAGAGCTTGGGAAGTACAAGTTGGCAACATAT	GATTAAAGCCCTGAGCCCCATGTGCAACCTGATGAACTCGTATCTACCCC	AGAGATGGTCCCAACCCAACAGCGGGCTCACAGTCTAGAAGGAGGAGACA	278	Echidna_foc
39349	39374	1	26.0	1	100	0	52	0	100	0	0	0.0	C	CCCCCCCCCCCCCCCCCCCCCCCCCC	TGGGGATTAAGACTGTGAGCCCCATGTGGGACAACCCCATTACCTTGTAT	AGTGCTTAGAACAGTGCTTGGCTCACAGTAAGCACTTTACAAATGCTATT	25	Echidna_foc
39421	39451	12	2.6	12	94	0	53	32	0	9	58	1.31	TATTATTAGTAG	TATTATTAGTATTATTATTAGTAGTATTATT	CCCCAGTGCTTAGAACAGTGCTTGGCTCACAGTAAGCACTTTACAAATGC	TGCCAGTGCTTAGTACAGGGATTTTCAAACAGTGCTTAATACATGCTATT	30	Echidna_foc
39421	39451	15	2.1	15	93	0	53	32	0	9	58	1.31	TATTAGTAGTATTAT	TATTATTAGTATTATTATTAGTAGTATTATT	CCCCAGTGCTTAGAACAGTGCTTGGCTCACAGTAAGCACTTTACAAATGC	TGCCAGTGCTTAGTACAGGGATTTTCAAACAGTGCTTAATACATGCTATT	30	Echidna_foc
42018	42057	3	13.3	3	94	0	71	35	2	0	62	1.09	ATT	ATTATTATTATTATCATTATTATTATTATTATTATTATTA	CCCAGCGCTTAGAACAGTGCTTTGCAGATAGTAAGCGCTTAATAAATGCC	CAGTGCTCTCACACACGGTAAAGAACTCAATAAATTCCGGTAATGGTGGT	39	Echidna_foc
46657	47487	433	1.9	434	91	2	1353	25	22	21	30	1.99	CTGTTGGGTAGGGACCGTCTCTAGATGTTGCCAACTTGGACTTCCCAAGCGCTTAGTACAGTGCTCAGCACACAATAAGCACTCAATAAATACGATTGAATGAATGAATGAATGAACCCTCCCAAGTCCTTTGTACAGTGCTGTGCAAACTATAAGCGCTCAATAAATACGATTGATTAGACACGATTCCTGCCCGCAGTGAGTGTGCAGTCTGTTATTAGTTTGTAAGTCCCTCGAGGGCCAAGGAGTGTGTCTAATATTCATTCATTCATTCATTCAATCGTATTCATTGAGCACATACTGTGTGCAGAACACTGTACTAAGCGCTTGGGAAGTACAAGTTGGCAACATCTAGGCGAGTCCCTACCCAACAGCATAAATCTTCATATCCTTTTGTTTTGTTGTCTGTCTCCCCCTTCTAGACCGTGAGCCCG	CTGTTGGGTGGGGACTGTCTCTATATGTTGCCAGCTTGTACTTCCCAAGCGCTTAGTACAGTGCTCAGCACACAATAAGCACTCAATAAATATGATTGAATGAATGAATGAATGAATCCTCCCAAGTGCTTTGTACAGTGCTGTGCAAACTATAAGCGCTCAATAAATACGATTGATTAGACACGATTCCTGCCCGCAGTGAGTGTGCAGTCTGTTATTAGTTTGTAAGTCCCTCGAGGGCCAAGGAGTGTGTCTAATTCATTCATTCATTCATTCAATCGTATTCATTGAGCACTTGCTGTGTGCAGAACACTGTACTAAGCGCTTGGGAAGTACAAGTTGGCAACATCTAGAGACAGTCTCTACCCAACAGCATAAATCTTCATGTCCTTTTGTTTTGTTGTCTGTCTCCCCCTTCTAGACCGTGAGCCCGCTGTTGGGTAGGGACCGTCTCTCGATGTTTCCAACTTGGACTTCCCAAGCGCTTAGTACAGTGCTGTGCACACAGTAAGCGCTCAATAAATACGATTGAATGAATGAATGAATGAACCCTCCCAAGTCCTTTGTACAGTGTTGTGCAAACTATAAGTGCTCAATAAATACGATTGATTAGACGCGATTCCTGCCCGCAGTGAGTGTGCAGTCTGTTATTAGTTTGTAAGTCCCTCGAGGGCCAAGGATTGTGTCTAATTCATTCATTCATTCATTCATTCAATCGTATTTATTGAGTGCATACTGTGTGCAGAGCACTGTACTAAGCGCTTGGGAAGTACAAGTTGGCAACATCTAGGCGTGGTCCCTACCCAACAGCATAAATCTTCATATCCTTTT	GGCACGTCACTTCACTTCTCTGGGCCTCAGTTCCCTCAACTATAAACCCA	AACAAATAATCCAAACAACAAACACATGTATTATCAAATCTGCATCCCTT	830	Echidna_foc
47346	47370	4	6.2	4	100	0	50	28	24	0	48	1.52	ATTC	ATTCATTCATTCATTCATTCATTCA	GCAGTCTGTTATTAGTTTGTAAGTCCCTCGAGGGCCAAGGATTGTGTCTA	ATCGTATTTATTGAGTGCATACTGTGTGCAGAGCACTGTACTAAGCGCTT	24	Echidna_foc
49456	49499	3	14.7	3	100	0	88	65	0	0	34	0.93	ATA	ATAATAATAATAATAATAATAATAATAATAATAATAATAATAAT	CGAGACAGAACGCCCCTGCCCGGTGAGGCGTGAAAGAGAAAGCTCTCAAC	TTTGGTATTTGTTAAACACTTACTATGTGCAAAGCACTGTTCTAAGCACT	43	Echidna_foc
12929	12990	22	2.8	22	75	7	63	53	1	4	40	1.32	TATAAATTAAAATATAATGATA	TATAAATTGAAAATATAATCTATATAAATTTAAATGTTATGATATATAAATTTAAAATATAA	ACAATACTTGATAATTTATATTAAATTGTCTAGCTTAACTACTAAAACAT	CATAAATTTAAGACTTTAAATTTATATATTATAAATTCGAAACAGTGGAG	61	Elephant_foc
25013	25052	15	2.7	15	88	0	62	12	65	20	2	1.38	CCGCCGCCGCCACCA	CCGCCGCCGCCACCACCGCTGCCGCCACCACCACCGCCGC	TACCCGGGGGCGCGCAAGGAGGGCGGGGCGGGGGAAGGGGGAGTGTCTGC	GGCCACCGCTAACGGGTCTGAGGAGTTCCCTGAAGCCCACTCCTCAGAAT	39	Elephant_foc
25015	25059	18	2.5	18	88	0	63	13	62	22	2	1.42	GCCGCCACCACCACCGCT	GCCGCCGCCACCACCGCTGCCGCCACCACCACCGCCGCGGCCACC	CCCGGGGGCGCGCAAGGAGGGCGGGGCGGGGGAAGGGGGAGTGTCTGCCC	GCTAACGGGTCTGAGGAGTTCCCTGAAGCCCACTCCTCAGAATCGGCTCC	44	Elephant_foc
42412	42463	18	2.8	18	73	5	50	30	1	19	48	1.6	TGAATATGTGTTATTTGA	TGAATATGTGTATGTTTTGATGAATACATATTATTTGATGAATATGTGTTAT	GTTGGAGCTCTTATTAATAATACTGTGAATATGCTTGTACTTGTTTTTAT	ATATATTTATGCTCACACATATATACATATGTATGTGTGTGTGTATGAGA	51	Elephant_foc
49441	49465	2	12.5	2	100	0	50	52	0	0	48	1.0	AT	ATATATATATATATATATATATATA	TTTGATCCATAATGCTACCATTCACAGATAACACTGTTAGCATTTTTTTA	GGTGCTATTTAACAAAAATGGGATTATAATGATAATAGTAAATATTGTTT	24	Elephant_foc
17054	17197	71	2.0	71	90	2	227	36	18	15	29	1.91	TATAGTTTTATAACCCTTATGGCTTATAGAATTCTGCAGAAGTAAGCACAAAACCACTAGATCAAAAATGC	TATAGTTTTATAACCCTTATGGCTTATAGTATTCTGCCAAAGTAAGCACAAAACCACTTGATCAAAAATGCTATAGTTTTATAACCCTTATGGCTTATAGAATTCTGCAGGAGTGAGCACAAAACCAGTAGATCAAAAATGCTA	ACTTGTCGAAAATTATACAAGCAAAGATCATTTTGTCTTGAGCTGGATTT	ACAATTTTTAAGACATCTCTAATATTATTTTACCAATAATTTTAAAGCCA	143	Human_foc
17719	17773	2	27.5	2	96	0	101	50	47	0	1	1.11	AC	ACACACACATACACACACACACACACACACACACACACACACACACACACACACA	TAATTGCCAATTAAACAAAAAATTATAGAAATTATAAGGACCTTTTAAAT	AAGACCCTATAGCTTTTACTTCAGAACTTTAGCCATGAGATAAATACAAA	54	Human_foc
21404	21436	2	16.5	2	100	0	66	48	0	0	51	1.0	TA	TATATATATATATATATATATATATATATATAT	GAGAATTTCATATTAAGAAAAAAAGTTGGTTTTGTGGCCCCTCGTCCTAC	TTTTTTTTTTTTTTTCCTTAAAGCTTTCAGTTTGTATCCCAGTCCCTCTG	32	Human_foc
25007	25061	3	18.3	3	84	0	56	3	60	29	7	1.41	CCG	CCGCCGCCGCCACTGCTGCTGCCACCGCCGTCGCCGCCGCCGCCGCCGCCGCCGC	TGCCCGGGGGCGCGCAGAGAGGGCGGACCGCGCGAAGGGGGAGTGTCTGC	TGCTGCTGCCGGTGCTAAGGAGTTCGCTGGAGCCCTTTCCTCAGACCCGG	54	Human_foc
30330	30356	14	1.9	14	100	0	54	7	40	0	51	1.3	TCTTATTCTCCTCC	TCTTATTCTCCTCCTCTTATTCTCCTC	TGTGCAGATTGTGTACTGTATCAAATTATCTCATGTTCAGGAACCATTTT	AGTGTCCTTCACTTAGGCTGTAGACAGATTGTTGCTTTTTCATTGCCAGC	26	Human_foc
39440	39473	15	2.4	14	90	5	50	26	0	23	50	1.5	TATGTTTTGATGAA	TATGTTTTGGTGAATATGTATTTGATGAATATGT	TATAAATAATGCTTTGAACACACTTGTACATGATTTTTGGTAAATATATG	GTTATGTATACACTCATACATACATGCATATATACATGCATATGTGTCTT	33	Human_foc
40682	40747	32	2.0	33	91	2	107	22	12	13	51	1.74	TAACTTCTTTTAGTAATGCTTTGTAATATGCTG	TAACTTCTTTTAGTAATCTTTGTAATATTCTGTAACTTCTTTTAGTAGTGCTTTGTAATATGCTGT	TTTCATCTTTATGATATTGAATTTTTAAGTCCATTTATTTAGATCTACTT	TTAAATTTTAAATATAATTTTAAAAATTACATTTATTCTTAGTTTCACAT	65	Human_foc
44239	44276	19	2.0	19	94	0	67	36	13	13	36	1.83	TACATTAGTAGATACTATC	TACATTAGTAGATAGTATCTACATTAGTAGATACTATC	GGTATATACCTATAAATGGAATACTGTCATAAAGTATATGTATCTGTAGA	AAACTGTTTTCGAAAGAGGTTATACCAATTTGCACTCACAGTAGCAGTGT	37	Human_foc
11215	11262	11	4.0	11	75	19	51	50	10	0	39	1.37	ATTTTACAAAT	ATTTTACAAATATTTTACAAAAATTTATACCAAAAATATTTTACAAAT	TTTTTTGTAATGCAATGTTCTTTATAGTATTATATCATCATCTCCTGAAG	GAATTTGTACTCTACAAACGGATTGTCCCAAGTTTGTCATGGCTCTCTAC	47	Koala_foc
11222	11261	13	3.1	13	79	13	55	55	10	0	35	1.34	AAATATTTTACAA	AAATATTTTACAAAAATTTATACCAAAAATATTTTACAAA	TAATGCAATGTTCTTTATAGTATTATATCATCATCTCCTGAAGATTTTAC	TGAATTTGTACTCTACAAACGGATTGTCCCAAGTTTGTCATGGCTCTCTA	39	Koala_foc
13159	13196	2	19.5	2	84	15	53	50	2	0	47	1.15	TA	TATAATATATATATAATATATATATATATCATATATAT	CAGTATACAAAAAGTGTCTCATCGTATATATGAATATATAACATATGGAT	TTTACACATAGAATTTTTTCTTGGAAAAGGACCATGCTGCACAAAAATGG	37	Koala_foc
13159	13195	11	3.4	11	88	11	58	51	2	0	45	1.15	TATAATATATA	TATAATATATATATAATATATATATATATCATATATA	CAGTATACAAAAAGTGTCTCATCGTATATATGAATATATAACATATGGAT	TTTTACACATAGAATTTTTTCTTGGAAAAGGACCATGCTGCACAAAAATG	36	Koala_foc
13163	13196	13	2.6	13	90	9	52	50	2	0	47	1.16	ATATATATATATC	ATATATATATAATATATATATATATCATATATAT	ATACAAAAAGTGTCTCATCGTATATATGAATATATAACATATGGATTATA	TTTACACATAGAATTTTTTCTTGGAAAAGGACCATGCTGCACAAAAATGG	33	Koala_foc
13163	13196	15	2.3	15	94	0	59	50	2	0	47	1.16	ATATATATATAATAT	ATATATATATAATATATATATATATCATATATAT	ATACAAAAAGTGTCTCATCGTATATATGAATATATAACATATGGATTATA	TTTACACATAGAATTTTTTCTTGGAAAAGGACCATGCTGCACAAAAATGG	33	Koala_foc
13999	14182	2	93.5	2	88	3	257	54	0	44	0	1.04	AG	AGAGAGAAAAAGAGAAAGAGAGAAGAGAAGAGAGAGAGAGAGAGGGAGAGAGAGAAAGAGAGAGAGAGACAAAGAGAGAGAGAGAAAGAGAGAGAGAGAGAGAGAAAAAGAGAGAGAGAGAGAAGAGAGAGAGAGAGAGAGAGAGAGAGAGAGAGAGAGAGAGAGAGAGAGAGAGAGAGAGAGA	TAAATGTCCTTTCTAATGACACACAGACACATAGACATACACAGAGACAT	ACAATCTGTCCTAAAAATAATAATTCTAGTGGCATAATTCTCAGGGCAAT	183	Koala_foc
17967	18038	36	2.0	36	100	0	144	25	19	41	13	1.88	GGCACAGTGGATAGAGTGCCAGGCCTGGAGTCAGGA	GGCACAGTGGATAGAGTGCCAGGCCTGGAGTCAGGAGGCACAGTGGATAGAGTGCCAGGCCTGGAGTCAGGA	AATAAACCATTGACATTTGTTGCCTCTGCTTTTCTCCTGGGCAGCTAGGT	AGATGTGAGTTCAAATCCAGCCTCAGACACTTACTAGCTATGTAACCTTG	71	Koala_foc
17974	18031	18	3.2	18	66	33	52	24	18	41	15	1.89	TGGATAGAGTGCCAGGCC	TGGATAGAGTGCCAGGCCTGGAGTCAGGAGGCACAGTGGATAGAGTGCCAGGCCTGGA	CATTGACATTTGTTGCCTCTGCTTTTCTCCTGGGCAGCTAGGTGGCACAG	GTCAGGAAGATGTGAGTTCAAATCCAGCCTCAGACACTTACTAGCTATGT	57	Koala_foc
24192	24216	6	4.2	6	100	0	50	0	32	48	20	1.5	TCGGGC	TCGGGCTCGGGCTCGGGCTCGGGCT	GCCCTGGGCTCAGGGGCACTGCTTTCTTTTGCTTTACTAATCGGCTGGGT	TGGCTCGGCTCAGCCGGCGTACCAAAGGTAATTTGGCTTGAAAAACCCGG	24	Koala_foc
26856	27274	8	48.1	9	63	26	101	2	63	0	33	1.15	CTCCTCTCC	CTCCTCTTCCCTCCTCCCTTCTTCCTCCTCTCCTCTCCTCTCCTCTTCCCCCCCCGCCCTCCTCTCCTCCTCCTCCCCATCTCTCCTCTCTTCCCCCTCCCTCCTCTCCTTTTTTACCCTCCCTCTCCTCTTCCCTCCTCCTTCTTCCTCTCTCCCTTCCCCGCCCTCTTCTCTTCCTCCTCCCCTTTTCTCCTCATCCCCCCTCCCTCCTCTGCTCCTCATCCCCCCCCTTTCTCTTCCTCATCCCCCCTCCCTCCTCATCCCCCCTCCCTCTTCTGCTCCTCATCCCCCCTCCCTCCTCTCCTCCTCATCCCCTCCCTCCTCTCCTCCTCATCCCCCCTCCCTCCTCTCCTCCTCATCCCCCTCCCTCCTCTCCTCCTCATCCCCCTCCCTCCTCTCCTCCCCCTCCCTCCTCTCCC	CTTCTCTTTCTTCTCCCCCTCCCTCCTATCCTTTTTCTCCCCTCTCTTTT	CGTGGCTCCTCTCCTACTCCCCTCTCCCATTCCCACTTCCCTTCCCTCTT	418	Koala_foc
26856	27270	24	17.7	24	75	16	150	2	63	0	33	1.15	CTCCTCATCCCTCCTCCCTTCTTC	CTCCTCTTCCCTCCTCCCTTCTTCCTCCTCTCCTCTCCTCTCCTCTTCCCCCCCCGCCCTCCTCTCCTCCTCCTCCCCATCTCTCCTCTCTTCCCCCTCCCTCCTCTCCTTTTTTACCCTCCCTCTCCTCTTCCCTCCTCCTTCTTCCTCTCTCCCTTCCCCGCCCTCTTCTCTTCCTCCTCCCCTTTTCTCCTCATCCCCCCTCCCTCCTCTGCTCCTCATCCCCCCCCTTTCTCTTCCTCATCCCCCCTCCCTCCTCATCCCCCCTCCCTCTTCTGCTCCTCATCCCCCCTCCCTCCTCTCCTCCTCATCCCCTCCCTCCTCTCCTCCTCATCCCCCCTCCCTCCTCTCCTCCTCATCCCCCTCCCTCCTCTCCTCCTCATCCCCCTCCCTCCTCTCCTCCCCCTCCCTCCTC	CTTCTCTTTCTTCTCCCCCTCCCTCCTATCCTTTTTCTCCCCTCTCTTTT	TCCCCGTGGCTCCTCTCCTACTCCCCTCTCCCATTCCCACTTCCCTTCCC	414	Koala_foc
26868	26986	45	2.6	46	72	19	106	1	61	0	36	1.12	CCTCCCTTCTTCCTCCTCCCTCTCCTCTCTCTCTTCCCCCTCCCGC	CCTCCCTTCTTCCTCCTCTCCTCTCCTCTCCTCTTCCCCCCCCGCCCTCCTCTCCTCCTCCTCCCCATCTCTCCTCTCTTCCCCCTCCCTCCTCTCCTTTTTTACCCTCCCTCTCCTCT	CTCCCCCTCCCTCCTATCCTTTTTCTCCCCTCTCTTTTCTCCTCTTCCCT	TCCCTCCTCCTTCTTCCTCTCTCCCTTCCCCGCCCTCTTCTCTTCCTCCT	118	Koala_foc
26912	26965	18	2.9	18	77	5	63	1	64	0	33	1.04	CCCTCCCTCCTCTCCTCC	CCCTCCTCTCCTCCTCCTCCCCATCTCTCCTCTCTTCCCCCTCCCTCCTCTCCT	TTCCCTCCTCCCTTCTTCCTCCTCTCCTCTCCTCTCCTCTTCCCCCCCCG	TTTTTACCCTCCCTCTCCTCTTCCCTCCTCCTTCTTCCTCTCTCCCTTCC	53	Koala_foc
26975	27016	12	3.3	12	79	20	50	0	59	0	40	0.97	TCCCTCTCCTCT	TCCCTCTCCTCTTCCCTCCTCCTTCTTCCTCTCTCCCTTCCC	CTCCTCCCCATCTCTCCTCTCTTCCCCCTCCCTCCTCTCCTTTTTTACCC	CGCCCTCTTCTCTTCCTCCTCCCCTTTTCTCCTCATCCCCCCTCCCTCCT	41	Koala_foc
27019	27124	22	5.3	18	74	18	52	3	62	0	33	1.2	CCCTCTTCTCCTCATCCC	CCCTCTTCTCTTCCTCCTCCCCTTTTCTCCTCATCCCCCCTCCCTCCTCTGCTCCTCATCCCCCCCCTTTCTCTTCCTCATCCCCCCTCCCTCCTCATCCCCCCTC	TTACCCTCCCTCTCCTCTTCCCTCCTCCTTCTTCCTCTCTCCCTTCCCCG	CCTCTTCTGCTCCTCATCCCCCCTCCCTCCTCTCCTCCTCATCCCCTCCC	105	Koala_foc
27045	27258	25	9.2	25	84	11	278	4	65	0	29	1.18	CTCCTCATCCCCCCTCCCTCCTCTC	CTCCTCATCCCCCCTCCCTCCTCTGCTCCTCATCCCCCCCCTTTCTCTTCCTCATCCCCCCTCCCTCCTCATCCCCCCTCCCTCTTCTGCTCCTCATCCCCCCTCCCTCCTCTCCTCCTCATCCCCTCCCTCCTCTCCTCCTCATCCCCCCTCCCTCCTCTCCTCCTCATCCCCCTCCCTCCTCTCCTCCTCATCCCCCTCCCTCCTCTCCTCC	CCTTCTTCCTCTCTCCCTTCCCCGCCCTCTTCTCTTCCTCCTCCCCTTTT	CCCTCCCTCCTCTCCCCGTGGCTCCTCTCCTACTCCCCTCTCCCATTCCC	213	Koala_foc
27150	27270	3	41.3	3	70	18	78	3	67	0	28	1.06	CCT	CCTCCTCTCCTCCTCATCCCCTCCCTCCTCTCCTCCTCATCCCCCCTCCCTCCTCTCCTCCTCATCCCCCTCCCTCCTCTCCTCCTCATCCCCCTCCCTCCTCTCCTCCCCCTCCCTCCTC	CCCCCCTCCCTCCTCATCCCCCCTCCCTCTTCTGCTCCTCATCCCCCCTC	TCCCCGTGGCTCCTCTCCTACTCCCCTCTCCCATTCCCACTTCCCTTCCC	120	Koala_foc
27099	27258	48	3.3	49	92	4	263	3	66	0	28	1.13	TCCCTCCTCTCCTCCTCATCCCCCTCCCTCCTCTCCTCCTCATCCCCCC	TCCCCCCTCCCTCCTCATCCCCCCTCCCTCTTCTGCTCCTCATCCCCCCTCCCTCCTCTCCTCCTCATCCCCTCCCTCCTCTCCTCCTCATCCCCCCTCCCTCCTCTCCTCCTCATCCCCCTCCCTCCTCTCCTCCTCATCCCCCTCCCTCCTCTCCTCC	TCATCCCCCCTCCCTCCTCTGCTCCTCATCCCCCCCCTTTCTCTTCCTCA	CCCTCCCTCCTCTCCCCGTGGCTCCTCTCCTACTCCCCTCTCCCATTCCC	159	Koala_foc
27099	27258	73	2.2	73	93	3	270	3	66	0	28	1.13	TCCCTCCTCTCCTCCTCATCCCCCCTCCCTCCTCTCCTCCTCATCCCCCTCCCTCCTCTCCTCCTCATCCCCC	TCCCCCCTCCCTCCTCATCCCCCCTCCCTCTTCTGCTCCTCATCCCCCCTCCCTCCTCTCCTCCTCATCCCCTCCCTCCTCTCCTCCTCATCCCCCCTCCCTCCTCTCCTCCTCATCCCCCTCCCTCCTCTCCTCCTCATCCCCCTCCCTCCTCTCCTCC	TCATCCCCCCTCCCTCCTCTGCTCCTCATCCCCCCCCTTTCTCTTCCTCA	CCCTCCCTCCTCTCCCCGTGGCTCCTCTCCTACTCCCCTCTCCCATTCCC	159	Koala_foc
26891	27273	42	8.8	42	70	18	180	2	63	1	32	1.16	TCCTCTCCTCCTCATCCCCCTCCCTCCTCTCCTCCCCCTCCC	TCCTCTCCTCTTCCCCCCCCGCCCTCCTCTCCTCCTCCTCCCCATCTCTCCTCTCTTCCCCCTCCCTCCTCTCCTTTTTTACCCTCCCTCTCCTCTTCCCTCCTCCTTCTTCCTCTCTCCCTTCCCCGCCCTCTTCTCTTCCTCCTCCCCTTTTCTCCTCATCCCCCCTCCCTCCTCTGCTCCTCATCCCCCCCCTTTCTCTTCCTCATCCCCCCTCCCTCCTCATCCCCCCTCCCTCTTCTGCTCCTCATCCCCCCTCCCTCCTCTCCTCCTCATCCCCTCCCTCCTCTCCTCCTCATCCCCCCTCCCTCCTCTCCTCCTCATCCCCCTCCCTCCTCTCCTCCTCATCCCCCTCCCTCCTCTCCTCCCCCTCCCTCCTCTCC	TCTCCCCTCTCTTTTCTCCTCTTCCCTCCTCCCTTCTTCCTCCTCTCCTC	CCGTGGCTCCTCTCCTACTCCCCTCTCCCATTCCCACTTCCCTTCCCTCT	382	Koala_foc
27056	27274	73	3.2	70	78	18	253	3	66	0	29	1.15	CCCTCCTCTCCCTGCTCCTCATCCCCCTCCCTCCTCTCCTCCTCATCCCCCTCCCTCCTCTCCTCCCCCT	CCCTCCCTCCTCTGCTCCTCATCCCCCCCCTTTCTCTTCCTCATCCCCCCTCCCTCCTCATCCCCCCTCCCTCTTCTGCTCCTCATCCCCCCTCCCTCCTCTCCTCCTCATCCCCTCCCTCCTCTCCTCCTCATCCCCCCTCCCTCCTCTCCTCCTCATCCCCCTCCCTCCTCTCCTCCTCATCCCCCTCCCTCCTCTCCTCCCCCTCCCTCCTCTCCC	TCTCCCTTCCCCGCCCTCTTCTCTTCCTCCTCCCCTTTTCTCCTCATCCC	CGTGGCTCCTCTCCTACTCCCCTCTCCCATTCCCACTTCCCTTCCCTCTT	218	Koala_foc
29806	29875	31	2.4	28	82	15	97	7	58	10	24	1.55	ATCCCTTGCTCCCTCCCTCCCAGGCCCC	ATCCCTTGTCCCTCCCTCCCAGGCCCCATCCCTTGCCCCTCCCTCCCTCCCAGGCCCCATCCTTTGCTCC	CCCCTCATCCCCATCCCCATCTCTGGCCCCTCCGTCCCCTTCTTGTTCCT	TTCCTTTCCTCATTCTAACCCCCACCTGGTCTTACATCCTGCCAAAAAAG	69	Koala_foc
29814	29872	31	1.9	31	96	0	109	6	61	10	22	1.51	TCCCTCCCTCCCAGGCCCCATCCCTTGCCCC	TCCCTCCCTCCCAGGCCCCATCCCTTGCCCCTCCCTCCCTCCCAGGCCCCATCCTTTGC	CCCCATCCCCATCTCTGGCCCCTCCGTCCCCTTCTTGTTCCTATCCCTTG	TCCTTCCTTTCCTCATTCTAACCCCCACCTGGTCTTACATCCTGCCAAAA	58	Koala_foc
33629	33692	4	16.0	4	96	0	110	46	0	28	25	1.53	TAGA	TAGATAGATGGATGGATAGATAGATAGATAGATAGATAGATAGATAGATAGATAGATAGATAGA	AGACAGGTATATACATATATACGTATGTGTATATAATAGCATTAGGTAGG	CAGGTATAGGAAGTTCTCATAAGGCTGTATGGGCAAAAAAGTGGCATGTC	63	Koala_foc
34299	34352	20	2.7	20	85	0	72	68	9	22	0	1.17	GAAAGACAGAAAGACAAAAA	GAAAGACAGAAAGACAAAAAGAAAGACAGACAGACAGAAAGAAAAAAAGAAAGA	GACTCTGCCATGGGCTCCAAGGGTGTGTTCAAAAGCATGAGGTTTTATAG	AAGAAAGACCCAAACATTTGTTAATTATAGACTAAGTTTCTTAAACAATC	53	Koala_foc
34299	34361	28	2.2	28	88	0	99	68	9	22	0	1.18	GAAAGACAGAAAGAAAAAAAGAAAGAAA	GAAAGACAGAAAGACAAAAAGAAAGACAGACAGACAGAAAGAAAAAAAGAAAGAAAGAAAGAC	GACTCTGCCATGGGCTCCAAGGGTGTGTTCAAAAGCATGAGGTTTTATAG	CCAAACATTTGTTAATTATAGACTAAGTTTCTTAAACAATCTTACCTCAT	62	Koala_foc
34299	34360	4	15.5	4	83	6	63	69	8	22	0	1.14	GAAA	GAAAGACAGAAAGACAAAAAGAAAGACAGACAGACAGAAAGAAAAAAAGAAAGAAAGAAAGA	GACTCTGCCATGGGCTCCAAGGGTGTGTTCAAAAGCATGAGGTTTTATAG	CCCAAACATTTGTTAATTATAGACTAAGTTTCTTAAACAATCTTACCTCA	61	Koala_foc
623	657	12	2.9	12	91	0	52	48	8	2	40	1.49	ATATATATATAC	ATATATACATACATATATATATACATATGTATATA	ATGTATGTGCATGAAAGTGGAGGCCAGAGTTTGACTACACACACACAAAG	TCTTTATGTGTGTGTGTGTGTGTGTGTGTGTGTTTGTGTGTATAAATGTG	34	Mouse_foc
664	698	2	17.5	2	93	0	61	0	0	45	54	0.99	TG	TGTGTGTGTGTGTGTGTGTGTGTGTGTTTGTGTGT	CACACAAAGATATATACATACATATATATATACATATGTATATATCTTTA	ATAAATGTGGAGGTCAGAGGTCGGCATCCAGTGTCTTCCTTGAGTATACT	34	Mouse_foc
2813	2901	2	43.5	2	73	4	52	47	10	4	38	1.58	AT	ATATAAATATACATACATATATATATGATATACATATATATACACACACTATACATATACATATATATGTATATATATGTATATGTATA	TGCTTTTCTAATTGTTCCTTCTGAGGTTTCCCTGGTTCCTCTTTCAGGGA	GTGTGTGTGACATTGATTTTTCAATTATTAAATTCTTTATGTGATTCTTC	88	Mouse_foc
6394	6446	16	3.3	16	82	7	63	16	13	62	7	1.53	GGAGGACAGGGGCTTG	GGAGGACAGGGGCTGGAGAGGGCAGGGGCTGGGGAGGCCAGGGGCTTGGGAGG	AGTTGCTCTATGAAGGTGGTCATGTTGTTCTCCAACTGTATCAAAGACAC	TGACTCGTGGGTAACAGCACCTCAGCACAACCCTACCCTGTATCCTCCGC	52	Mouse_foc
6685	6735	2	25.0	2	92	4	84	49	47	0	3	1.2	AC	ACACATCACACACACACACACACACACACACACACACACACACACATACAC	TTCTGTCTTTCCTGTGTACTAAATAGGTGCGCACAGCCATACATACTTGT	CACGTGAAACATTTTTATTAAAACAAGAAATTAGATGAAAAAGAACAGTC	50	Mouse_foc
10082	10137	28	2.0	28	85	0	76	16	8	39	35	1.8	GTGCATGTGTATGTGAGCGGTATATGCA	GTGCATGTGTATGTGAGTGGTATATGCAGTGCGTGTGTATGTGTGCGGTGTATGCA	TGTGTGGTGATTCTTAAGCCTTGATAAAAGTATCTTACTACGTCTAATGT	TGTTTTCATTCACCTGTGTGTCAATGTGTTGTCGGAGGTGGATGTCCAAT	55	Mouse_foc
10428	10493	6	11.0	6	80	0	69	45	19	4	30	1.7	CATATA	CATATACATACACATATGCATATACATATGCATATACATATACATACATATACACATATGCATATA	AGTACTATACTGAGTCATCTCTGCACTCCCTCTAGTAGTCTTTCGAAGAC	TATTTACAATTTTGAACATGGGATACCTTTTTATTTGTTTGTGGATTTGT	65	Mouse_foc
12144	12212	26	2.6	26	80	11	70	59	7	23	10	1.54	ATAAAGAAAAAAGAAGCCACAGAGAG	ATAAAGTAAAAATAAAGCACGAGAGAGATAATGAAAAAAGAAGCCACAGAGAGTTAAAGAGAAAAGAAG	AGTAATAATTATAAACCATTTGTACAACATTTAATAAAGCACAGAGGTTT	TCAGCGGTTTTCAGCCACAGAATAAGCAAGAGAGTGTTAAGTCTCCAGAA	68	Mouse_foc
13911	13968	28	2.1	28	96	0	107	55	13	22	8	1.66	ATAGCTAGCAAGAGAACAAGAAAAAGAC	ATAGCTAGCAAGAGAACAAGAAAAAGACATAGCTAGCAAGAGAGCAAGAAAAAGACAT	TAACTTTAAAAATGGGAAGAAAATTTAAACAGATGTTTTAATAAGAATAT	TCGACATCAGGAATCACTAAGAGAATGTGAATTACAGCCACAACACCATC	57	Mouse_foc
15823	15864	2	21.0	2	95	0	75	47	50	2	0	1.14	CA	CACACACACACACACGCACACACACACACACACACACACACA	CTAGTTTTTCCAATTCAGTACTTTCTGCACTAATTCCCATACTAGGCGCG	GAGAGAGAAAGAGAGAGAGACAGAGACAGAGACAGAGAGACAGACAGAGA	41	Mouse_foc
15864	15916	4	13.2	4	79	0	52	52	9	37	0	1.34	AGAG	AGAGAGAGAAAGAGAGAGAGACAGAGACAGAGACAGAGAGACAGACAGAGAGA	CTAGGCGCGCACACACACACACACGCACACACACACACACACACACACAC	AAGACAGACAGACAGACAGACAGACAGACAGAGAATGAGTTAAAAATATA	52	Mouse_foc
15868	15924	6	9.5	6	80	0	60	54	10	35	0	1.35	AGAGAC	AGAGAAAGAGAGAGAGACAGAGACAGAGACAGAGAGACAGACAGAGAGAAAGACAGA	GCGCGCACACACACACACACGCACACACACACACACACACACACACAGAG	CAGACAGACAGACAGACAGACAGAGAATGAGTTAAAAATATACTAGACAA	56	Mouse_foc
15864	15950	12	7.2	12	89	0	102	52	13	33	0	1.41	AGAGAGAGACAG	AGAGAGAGAAAGAGAGAGAGACAGAGACAGAGACAGAGAGACAGACAGAGAGAAAGACAGACAGACAGACAGACAGACAGACAGAGA	CTAGGCGCGCACACACACACACACGCACACACACACACACACACACACAC	ATGAGTTAAAAATATACTAGACAAATCTTCAATAAATCCTCAAACCCACT	86	Mouse_foc
15894	15948	4	13.8	4	90	0	83	52	18	29	0	1.45	AGAC	AGACAGAGAGACAGACAGAGAGAAAGACAGACAGACAGACAGACAGACAGACAGA	ACACACACACACACACACACAGAGAGAGAAAGAGAGAGAGACAGAGACAG	GAATGAGTTAAAAATATACTAGACAAATCTTCAATAAATCCTCAAACCCA	54	Mouse_foc
17523	17595	2	37.5	2	89	10	116	52	1	0	46	1.09	AT	ATATCATATAATATAATATAATATATATATATATATATATATATATATATATATATATATATATATATATATA	AATCTGATGCCCTCTTCTGGAGTGTCTGAAGACAGCTACAGTGTACTTAC	AAGGAAAACTACATTTATTTTTATAATGGTCCTGTCATATTCTGAAGACT	72	Mouse_foc
18902	19083	3	61.0	3	79	5	82	0	51	2	46	1.13	CTC	CTCCTCCTCCTCCTCTTCCTCCTCCTCCTCCTCCTCCTCTTTTTCTTCTTCCTCCTCCTCCTCTTCTTTCTCCTCTTCTTCTTCGTCGTCGTCGTCTTCTTCTCCTTTCTCTTCCCCTTCCCCTCCTCCTCCTCCTTCTTCTCTTCCTCCTCTTCTTCCTCTTCCTCCTCCTCTTCCTCCTC	TCCTTTGAATTTCTGACTGTGAACTACACTGGCACCTTTTCTGACTCTGA	ATTTCCTGTTTTATAGCACTTCATTTTTAATCACTCTTGTTCATTATTTA	181	Mouse_foc
18902	19083	18	10.0	18	74	7	116	0	51	2	46	1.13	CTCCTCCTCTTCCTCCTC	CTCCTCCTCCTCCTCTTCCTCCTCCTCCTCCTCCTCCTCTTTTTCTTCTTCCTCCTCCTCCTCTTCTTTCTCCTCTTCTTCTTCGTCGTCGTCGTCTTCTTCTCCTTTCTCTTCCCCTTCCCCTCCTCCTCCTCCTTCTTCTCTTCCTCCTCTTCTTCCTCTTCCTCCTCCTCTTCCTCCTC	TCCTTTGAATTTCTGACTGTGAACTACACTGGCACCTTTTCTGACTCTGA	ATTTCCTGTTTTATAGCACTTCATTTTTAATCACTCTTGTTCATTATTTA	181	Mouse_foc
24182	24206	1	25.0	1	100	0	50	100	0	0	0	0.0	A	AAAAAAAAAAAAAAAAAAAAAAAAA	ATCTTTCTGTTCTAAATTTGGAATGCTTTTTTTTTAGATAGCAAAAGCTC	CCAGAACAAAAACTACCAGAGGGCTAGGTGATTAATTTCTAATAACCTCA	24	Mouse_foc
25031	25081	3	16.7	3	79	4	57	5	64	27	1	1.27	CCG	CCGCGCGCCGCCGCTGCCGCCGCCGCCACCGCCGCCACCGCCGCCACCGCC	GCGCCGTGTCGGGGACGCGCGTGGAGGGCGGGCTCGGGAAGGGGGAGTGT	ACGGTCCCGGTCTCTGCCGGAGAGCTCTCAGCATCTCTCCCGGACACCCA	50	Mouse_foc
25031	25081	9	5.6	9	90	2	66	5	64	27	1	1.27	CCGCCGCCA	CCGCGCGCCGCCGCTGCCGCCGCCGCCACCGCCGCCACCGCCGCCACCGCC	GCGCCGTGTCGGGGACGCGCGTGGAGGGCGGGCTCGGGAAGGGGGAGTGT	ACGGTCCCGGTCTCTGCCGGAGAGCTCTCAGCATCTCTCCCGGACACCCA	50	Mouse_foc
27653	27694	22	1.9	22	85	0	57	0	0	21	78	0.75	TTTTGTTTGGGTGTGTTTTTTT	TTTTGTTTGGGTGTTTTTTTTTTTTTGTTTTGTTGTGTTTTT	TAAATGAACAGGCTTTGGGGGGTTGTTTTTGTTTTGTTTGGGGGAGGTTG	GTCAGTGTTGTTTTAGTTTGCTTTGGTTTGCTTTGGTTTTGTTTCTTGTT	41	Mouse_foc
30363	30392	4	7.5	4	100	0	60	26	50	0	23	1.5	CACT	CACTCACTCACTCACTCACTCACTCACTCA	GGGCTGAGATTTTTCTTTGATCTCTGTTACACTCACATGCATATCGTGCA	TGCTCTTCCAAGACTATCTTGTAGTGGTGGCACACACCTGTAATACCAGG	29	Mouse_foc
31933	32016	43	2.0	43	90	0	132	9	32	28	29	1.89	CCCGCGTGGTCTATAGCTGCCTGCTGAGTCCCCTGGGTCACTC	CCCGCGTGGTCTATAGTTGTCTGTTGAGTTCCCTGGGTCACTCCCCGCGTGGTCTATAGCTGCCTGCTGAGTCCCCTGGGTCAC	GCTGGGCAGAAGTGAATTGTGGGGCTTTATATAGGGAAGAGTGTAGAGTT	ACCCTGTGTGCAGCACTCTGGTTACTGTGTTGCTCCGTTTGTTTCTCTAC	83	Mouse_foc
36134	36163	15	2.0	15	100	0	60	33	20	26	20	1.97	TGTCAGCAAGACAGT	TGTCAGCAAGACAGTTGTCAGCAAGACAGT	GAAAGCTATGCACAAGAATGCTCTAAATTCACTGTCATCTTCAAGTGGGC	CAGACTACGTTTCTCTGAACAACTCTCCTTTATGATTCCTGTTTCATTCT	29	Mouse_foc
36786	36870	10	8.6	10	73	11	59	47	17	2	32	1.61	ATATATACAC	ATATATACTACATATATACACATATATACATATACATACATATATGTAGTATATACACCATACATACATATATATACACACATAT	ATGTATGGTGTATGTAGTATATATACTACATATATGTATGAATATGTAGT	GAAAATAGTGTGAGCATATGCTACTTACATGTGTATTTCTCATATGTATT	84	Mouse_foc
36788	36859	28	2.6	27	82	6	83	47	16	2	33	1.61	ATATACATACATATATACAATATATAC	ATATACTACATATATACACATATATACATATACATACATATATGTAGTATATACACCATACATACATATATA	GTATGGTGTATGTAGTATATATACTACATATATGTATGAATATGTAGTAT	TACACACATATGAAAATAGTGTGAGCATATGCTACTTACATGTGTATTTC	71	Mouse_foc
37524	37553	15	2.0	15	93	0	51	16	6	13	63	1.5	TGTTTTCAAATGTTT	TGTTTTCTAATGTTTTGTTTTCAAATGTTT	AGAAGTGAGTTTTGTTGTTATATTTTGATATTTATGACTTTTTTGACTAA	GAGGGTTTTAAAATTTTTATTTATTTATTTATTTTAGTTTCATTGGGATT	29	Mouse_foc
41012	41077	33	2.0	33	93	0	114	27	9	30	33	1.88	AAAGTGGTATTGTGGACCCGTTTAAAAGTAGTT	AAAGTGGTATTGTGGACCCGTTTAAAAGTAGTTAAAGTGGTGTTGTGGGCCCGTTTAAAAGTAGTT	TCCTTCTAACCCACCAATCAGAAGTAGGGGGTTAAAGAAGGTTAAATGGG	CCTTAGGGCGATTCTTCTCTTTTATGTCAGGATACCAGCAGTGCAGTTCT	65	Mouse_foc
44752	44791	5	8.2	5	94	5	73	0	0	20	80	0.72	TGTTT	TGTTTTGTTTTGTTTGTTTTGTTTTGTTTTGTTTTGTTTT	AACAATATAGTAAACCTTATTACACCTTCTCATTATAGAAACAACTTTTC	TCCAGACAGGGTTTCTCTGTGTAGCCCTGGCTGTCCTGGAACTCACTTTG	39	Mouse_foc
47137	47167	4	8.0	4	92	7	55	0	0	22	77	0.77	GTTT	GTTTTTTGTTTGTTTGTTTGTTTGTTTGTTT	GAGCCATTGGAGTTCTGTCCAGGAAATGGGGCCAGGCCAATGAGTTTGAG	TCCCACTTTCTCTTCTATTAGATCCACTCTGTCTGGTTTTATGTTTAGGT	30	Mouse_foc
669	697	13	2.1	14	93	6	51	13	41	13	31	1.84	CTCTGACCTCTGAC	CTCTGACCTTGACCTCTGACCTCTGACCT	CATTGCTTCCCTTCTTGCAATATATTACCCACCTAGACCTGCAGGACATT	ATCCAAGCATTCCTTCATGTCAAGAGGGAATGCTCTGTTATCTGTCTTTT	28	Opossum_foc
669	697	7	4.3	7	91	8	51	13	41	13	31	1.84	CTCTGAC	CTCTGACCTTGACCTCTGACCTCTGACCT	CATTGCTTCCCTTCTTGCAATATATTACCCACCTAGACCTGCAGGACATT	ATCCAAGCATTCCTTCATGTCAAGAGGGAATGCTCTGTTATCTGTCTTTT	28	Opossum_foc
9281	9314	6	5.3	6	89	10	50	41	14	0	44	1.45	AATTCT	AATTACTAATTCTAATTCTAATTACTAATTCTAA	TGATACTACTAGATCTCTTTTGTAATCCTTCATAATAGGTTTTAAGTGAG	ACTACTGTTGTCTGTGGCAGCCCCATATTTTTCCATTCAACAAGACCAAA	33	Opossum_foc
9281	9314	13	2.7	12	90	9	50	41	14	0	44	1.45	AATTCTAATTCT	AATTACTAATTCTAATTCTAATTACTAATTCTAA	TGATACTACTAGATCTCTTTTGTAATCCTTCATAATAGGTTTTAAGTGAG	ACTACTGTTGTCTGTGGCAGCCCCATATTTTTCCATTCAACAAGACCAAA	33	Opossum_foc
24785	24819	17	2.1	17	94	0	61	14	11	48	25	1.77	TTGGGGAAAGGGTCTGC	TTGGGGAAGGGGTCTGCTTGGGGAAAGGGTCTGCT	AGTTAGCGAGTCCCAGGACCTATTGGCGTCACTTCCGGATTTCTATGTTA	CTGTTTCTGGATGGGCCAGGCAGGCTACATGAGGCAAGCTGGCAGGGAAC	34	Opossum_foc
25431	25514	29	3.0	29	76	13	86	16	38	13	32	1.87	GTCTCTCCTAAGTCCTTTAAGTCCAGTCC	GTCTCCCCTAAGTCCTTTAAGACCCAGCCTTCTCTAAGTCCCTTAAGTCCTGTCCGTCTCTCCTAAGTCCTTTAAGTCCCGTCC	ACACGTCCGCCCGCCCTTTGGTCCCTGGGGGTCTCCTCTAAGTCCCATTA	ATTAGTTTTGCCTTAGTCCCGTCTGGTTTAGTCTTTTTCGACGTTCTACC	83	Opossum_foc
26846	27253	24	17.4	23	79	10	377	0	62	0	36	1.02	TCCCTCCTCTCTCCTCTTCCCCC	TCCCCCCTCTCCCTCTTCCCCCTCCTTCCACTTCTCCTCTTTCCCCTTCTTTTTCTTCCCCCCTCCCCCTCCCTCCTCTCTCCCTCTTCCCCCTCCCTCCTCTCTCCCTCTTCCCCTCCCTTCTCTCTCCCTCTTCCCCCTCCCTCCTCTCTTCCTCCTCTCCCCCTCCTTCTTCTCTCCCTACTCCCCCCTCCCTCCTCTTTTCCTCTTCCCCCTCCCTCTTCCTCCTCTCCCCCTCCTTCTTCTCTCCCTACTCCCCCTCCCTCCTCTTTTCCTCTTCCCCCTCCCTCTTCCTTCTCACCCCTCCCTCCTCTCTCCCTCTTCCCCCTCCCTCCTCTCTCCCTCTTCCCCCTCCCTCCTCTCTCCCTCTTCCCCCTCCCTCCTCTCTTCTCTTCCCTCTCTCTCCTC	CGAACTCCTCTGCCCCCCCCAACTCTGCCGCAGCCCCCCTCCCTCTTCTT	CCCCCTCCCTTCTCTCTTCCCCCTCCCATTCCCACTCCACCTCCCCCTTG	407	Opossum_foc
26852	27262	71	5.9	71	82	9	328	0	62	0	36	1.02	CTCTCCCTCTTCCCCCTCCTTCCACTCTCCCTCTTCCCCTCCCTTCTCTCTCCCCCCTCCCCCTCCCTCCT	CTCTCCCTCTTCCCCCTCCTTCCACTTCTCCTCTTTCCCCTTCTTTTTCTTCCCCCCTCCCCCTCCCTCCTCTCTCCCTCTTCCCCCTCCCTCCTCTCTCCCTCTTCCCCTCCCTTCTCTCTCCCTCTTCCCCCTCCCTCCTCTCTTCCTCCTCTCCCCCTCCTTCTTCTCTCCCTACTCCCCCCTCCCTCCTCTTTTCCTCTTCCCCCTCCCTCTTCCTCCTCTCCCCCTCCTTCTTCTCTCCCTACTCCCCCTCCCTCCTCTTTTCCTCTTCCCCCTCCCTCTTCCTTCTCACCCCTCCCTCCTCTCTCCCTCTTCCCCCTCCCTCCTCTCTCCCTCTTCCCCCTCCCTCCTCTCTCCCTCTTCCCCCTCCCTCCTCTCTTCTCTTCCCTCTCTCTCCTCCCCCCTCCC	CCTCTGCCCCCCCCAACTCTGCCGCAGCCCCCCTCCCTCTTCTTTCCCCC	TTCTCTCTTCCCCCTCCCATTCCCACTCCACCTCCCCCTTGCCATATATT	410	Opossum_foc
30393	30434	19	2.3	19	87	4	68	47	16	0	35	1.47	TAATATAAATCAATTCTAC	TAATATAAACAATTCTACTAATCTAAATCAATTCTACTAATA	TTATTCTTGCAAGAAGAGATCTCACCTGGATCGCTTACCCTTCCTCTTTA	CATAATCATTGGCCAATCTCAAATATCAAATATCAGCCTAGATTAACAAT	41	Opossum_foc
47371	47402	16	2.0	16	100	0	64	56	6	0	37	1.25	AAACAATTTAAAATTT	AAACAATTTAAAATTTAAACAATTTAAAATTT	CCTTAAAATCTTAAAGAAAGTAAAGTCTTGGTGATATCCTGAAATGAAAA	TTGTTAATACAGCAATGACTTAGGATATGCTTAAGTGCTTAAAGTGAAAA	31	Opossum_foc
253	320	31	2.2	31	86	5	93	20	19	26	33	1.96	CTTCCCCTTTGGGAGGAATATGGTGTTAAAA	CTTCCCTTTTGGGGGAAATATGGTGTTAAAACTTCCCCTTTGGGAGGAATATGGTGTTAGAGCTTCCC	TTCCGCGGGGAGGATTGAATTTAATTAATTATTTAGATGTGACAATCGGC	TAACGGGAGGAATACACTAATATGATACTCGCGTGTGGGCGGACACCCGA	67	Platypus_foc
13153	13181	4	7.2	4	100	0	58	48	0	24	27	1.51	TGAA	TGAATGAATGAATGAATGAATGAATGAAT	AAGCGCTTAGTACAGTGCTCTGCACATAGTAAGCGCTCAATAAATACTAT	AAGTGCTCAATTAATATTATCGATTGATTGACTGATTGATTGATGAAAAG	28	Platypus_foc
13510	13536	3	9.0	3	100	0	54	33	0	0	66	0.92	ATT	ATTATTATTATTATTATTATTATTATT	AGTGCTTAGAGCAGTGCTCTGCACATAGTAAGCGCTTAACAAGTACCAAC	GTGCCAGTGGTGATGGGAAAGAATACTAACAGAAAATAACAGACTTTTCT	26	Platypus_foc
14134	14630	81	6.1	81	92	4	766	31	21	14	32	1.94	ATTACCTTGTATCTACCCCAGTGCTTAGAACAGTGCTTGGCACATAGTAAGCGCTTAACAAATACCAACGTTATTATTATT	ATTACCCTGTATCTCCCCCAGTGCTTAGAACAGTGGTTGGCACATAGTAAGCGCTTAACAAATACCAACGTTATTATTATTATTACCTTGTATCTCCCCCAGTGCTTAGAACAGTGGTTGGCACATAGTAAGCGCTTAACAAATACCAACGTTATTATTATTATTACCTTGTATCTACCCCAGTGCTTAGAACAGTGGTTGGCACATAGTAAGCGCTTAACAAATACCAACATCATTATTATTATTATTACCTTGTATCTACCCCAGTGCATAGAACAGTGCTTGGCACATAGTAAGCGCTTAACAAATACCAACATTATTATTATTATTACCTTGTATCTACCCCAGTGCTTAGAACAGTGCTTGGCACATAGTGAGCGCTTAACAAATACCAACATTATTGTTATTATTATTATTACCTTATAGCTACCCAAGTGCTTAGAACAGTGCTTGGCACATAGTAAGTGCTTAACAAATACCGTTATTATTATTATTAC	TCGTCTGTAAAATGGGGATTAAGTCTGTGAACCCCACATGGGACAGCCTG	AATATGAGAGACTGTTCTCTGCATTCTCCTCAGCTTCCACAACCCAGAGG	496	Platypus_foc
14134	14630	165	3.0	165	92	2	799	31	21	14	32	1.94	ATTACCTTGTATCTACCCCAGTGCTTAGAACAGTGGTTGGCACATAGTAAGCGCTTAACAAATACCAACATCATTATTATTATTATTACCTTGTATCTACCCCAGTGCTTAGAACAGTGCTTGGCACATAGTAAGCGCTTAACAAATACCAACGTTATTATTATT	ATTACCCTGTATCTCCCCCAGTGCTTAGAACAGTGGTTGGCACATAGTAAGCGCTTAACAAATACCAACGTTATTATTATTATTACCTTGTATCTCCCCCAGTGCTTAGAACAGTGGTTGGCACATAGTAAGCGCTTAACAAATACCAACGTTATTATTATTATTACCTTGTATCTACCCCAGTGCTTAGAACAGTGGTTGGCACATAGTAAGCGCTTAACAAATACCAACATCATTATTATTATTATTACCTTGTATCTACCCCAGTGCATAGAACAGTGCTTGGCACATAGTAAGCGCTTAACAAATACCAACATTATTATTATTATTACCTTGTATCTACCCCAGTGCTTAGAACAGTGCTTGGCACATAGTGAGCGCTTAACAAATACCAACATTATTGTTATTATTATTATTACCTTATAGCTACCCAAGTGCTTAGAACAGTGCTTGGCACATAGTAAGTGCTTAACAAATACCGTTATTATTATTATTAC	TCGTCTGTAAAATGGGGATTAAGTCTGTGAACCCCACATGGGACAGCCTG	AATATGAGAGACTGTTCTCTGCATTCTCCTCAGCTTCCACAACCCAGAGG	496	Platypus_foc
14134	14630	246	2.0	242	89	4	764	31	21	14	32	1.94	ATTACCCTGTATCTACCCCAGTGCATAGAACAGTGCTTGGCACATAGTAAGCGCTTAACAAATACCAACATTATTATTATTATTACCTTGTATCTACCCCAGTGCTTAGAACAGTGCTTGGCACATAGTAAGCGCTTAACAAATACCAACGTTATTATTATTATTACCTTATAGCTACCCAAGTGCTTAGAACAGTGCTTGGCACATAGTAAGCGCTTAACAAATAACACATTATTATTATT	ATTACCCTGTATCTCCCCCAGTGCTTAGAACAGTGGTTGGCACATAGTAAGCGCTTAACAAATACCAACGTTATTATTATTATTACCTTGTATCTCCCCCAGTGCTTAGAACAGTGGTTGGCACATAGTAAGCGCTTAACAAATACCAACGTTATTATTATTATTACCTTGTATCTACCCCAGTGCTTAGAACAGTGGTTGGCACATAGTAAGCGCTTAACAAATACCAACATCATTATTATTATTATTACCTTGTATCTACCCCAGTGCATAGAACAGTGCTTGGCACATAGTAAGCGCTTAACAAATACCAACATTATTATTATTATTACCTTGTATCTACCCCAGTGCTTAGAACAGTGCTTGGCACATAGTGAGCGCTTAACAAATACCAACATTATTGTTATTATTATTATTACCTTATAGCTACCCAAGTGCTTAGAACAGTGCTTGGCACATAGTAAGTGCTTAACAAATACCGTTATTATTATTATTAC	TCGTCTGTAAAATGGGGATTAAGTCTGTGAACCCCACATGGGACAGCCTG	AATATGAGAGACTGTTCTCTGCATTCTCCTCAGCTTCCACAACCCAGAGG	496	Platypus_foc
16260	16311	4	13.0	4	100	0	104	50	0	25	25	1.5	TGAA	TGAATGAATGAATGAATGAATGAATGAATGAATGAATGAATGAATGAATGAA	AAGCGCTTAGTACACTGCTCTGCACATAGTAAGCGCTCAATAAATACAAT	AGCAGCCATGGAGCACTCACTCAGCTCTTTCTGAAAGTAGTGTGAGGACC	51	Platypus_foc
21516	21554	18	2.2	18	100	0	78	33	10	5	51	1.58	ATTCATTCAATAGTATTT	ATTCATTCAATAGTATTTATTCATTCAATAGTATTTATT	AAAAGTTCACCATTTCTTCAGCATTTTATTGAACCATGATTCATTCATTC	AAGCGCCTACTATGTGCAGAGCACTGTACTAAACACTTGGAATGTACAAT	38	Platypus_foc
21941	22310	118	3.1	117	83	3	474	31	24	17	27	1.97	GGAGCACCTCAAATTTCTTGGTAAAAGCCAAAGCGGAAACGCTCAGAAATATTCAAAGCTTCGCCATTTTAGACAAACATTTGCCATTTCCTCAGCATTTTATCGAACCACAGTTAC	GGAGAACCTCATATTTCTTTGTGTAAAGCCAAAGAGGAAACGCTCAGAAATATTCAAAGGTTCACCATTTTAGACAAACATTCGCCATTTCCTCAGCATTTTATTGAACCACAGTTACGGAGCACCTCAGATTTCTTGGTAAAAAGCCAAAGCGGAAATGCTCAGGAATATTCAAACGTTTGCCATTTTAGACAAACCTGTCCCGTTTCCTCAGCCTGTTATCGAACCACGGTTATGGAGCACCTCAAATTTCTTGGTAAAAGCCAAAGCGAAAACGCTCAGTAATATTCAAAGCTTCGCCATTTTAGACAAACGTTTGCCATTTCCTCAGCATTTTATCGAACCACAGTTACGGAGCGCCGCAAATTTC	AAGTGACTTGCCCAAGGTCACACAGCTGACAAGTGGCGGAGCATGGTTGT	AAATATTTCAAATATTCAAAGGTTTGCCATTTTAGACAAAAGGCATCTGT	369	Platypus_foc
25427	25682	94	2.6	98	85	10	308	8	60	10	19	1.57	GCCTCGAATGGGCTTCCCGGACTCTCCCCCCAACCCCCACCCTCCCCTCCTCCTCCGACCCTCCCCGTCCTCCCTAGCCCTCCTCCTCTCCTCCTCCA	GCCTCGGATGGGCTTCCCGGACTCTCCCCAACCCCCACCCTCCCCTCCCCCCCCCCGATCCTCTCCGTCCTCCCTAGCCTCCTCCTCCTCTCCAGCCTCGAATGGGCTTCCCGGACTCTCCCCCCAACCCCCACCCTCCCCTCCTCCTCCGACCCTCCCCGTCCTCCCTAGCCTCCTCCTCCTCCTCTCCTGCCTCCAGCCTCGAATGGGCTTCCCCGACTCTCCCCCCACCCCCCACCCCATCCCCCTCCTCCTC	TACCATCGAATGAGGCTCAAGGCCCAGCGCCGGGCCCCTTGCTCGCCCCG	TCCAGCTCTCCGGCCTCGGATGGGCTTCCTGGACCTCCTCCTCCTCCTCT	255	Platypus_foc
25580	25623	21	2.1	21	84	16	56	2	63	6	27	1.31	CCTCCCCGTCCTCTCCTGCCT	CCTCCCCGTCCTCCCTAGCCTCCTCCTCCTCCTCTCCTGCCTCC	GGGCTTCCCGGACTCTCCCCCCAACCCCCACCCTCCCCTCCTCCTCCGAC	AGCCTCGAATGGGCTTCCCCGACTCTCCCCCCACCCCCCACCCCATCCCC	43	Platypus_foc
25724	26065	64	5.1	64	72	16	278	15	52	12	20	1.75	TCCTCCTCTCCAGCCCTCCGACCTCGGATGGGCTTCCCAGACTCTCCCACCAACCCCAACCCCA	TCCTCCTCTCCAGCCCTCCGACCTCGGACGGGCTGCCCAGACTCTCCCACCCACCCCAACCCCATCCTCCTCATCCTCCTCTCCAGCCTCGAATGGGCTTCCCAGACTCTTCCCACCAACCCCAACCCTACCCTCCGCATCCTCCTCTTCAGCCCTCCGGCCTCGAATGGGCATCCCGGACTCTCCCACCAACCCCATCCTCCTCCTCATTCTCCCCTCCAGCTCTCCAGCCTCAGATGGGCTTCCCGGACTCTCCCCCCAACCTCAACCTCATCTTCCTCTCCAGCCCTCCGGCCTCGGATGGGTTTCCCAGACTCTCCCACCAACCCCGACCCCATCCTC	CTCCTCCTCTCCAGCTCTCCGGCCTCGGATGGGCTTCCTGGACCTCCTCC	TTCATCCTCCTCATCCTCCTCTTCAGCCCTCCAGCCTCGATTGGGCTTCC	341	Platypus_foc
25716	26224	70	7.2	69	72	18	397	14	52	11	21	1.72	CCTCCTCCTCCTCCTCTCCAGCCCTCCGACCTCGGATGGGCTTCCCAGACTCTCCCACCAACCCCAACC	CCTCCTCCTCCTCCTCTCCAGCCCTCCGACCTCGGACGGGCTGCCCAGACTCTCCCACCCACCCCAACCCCATCCTCCTCATCCTCCTCTCCAGCCTCGAATGGGCTTCCCAGACTCTTCCCACCAACCCCAACCCTACCCTCCGCATCCTCCTCTTCAGCCCTCCGGCCTCGAATGGGCATCCCGGACTCTCCCACCAACCCCATCCTCCTCCTCATTCTCCCCTCCAGCTCTCCAGCCTCAGATGGGCTTCCCGGACTCTCCCCCCAACCTCAACCTCATCTTCCTCTCCAGCCCTCCGGCCTCGGATGGGTTTCCCAGACTCTCCCACCAACCCCGACCCCATCCTCTTCATCCTCCTCATCCTCCTCTTCAGCCCTCCAGCCTCGATTGGGCTTCCCAGACCCTCCCACCAACCCCACCCTCCTCCTCCTCCTCTCCAGCCCTCCGGCCTTGGATGGGCTTCCCAGACTCTTCCCACCAACCCCAACCTCCTCCCCATCCTCCTC	CCATCCCCCTCCTCCTCTCCAGCTCTCCGGCCTCGGATGGGCTTCCTGGA	ATCCTCTTCATCCTCCTCTCCACCACCCCCGGAGGGCACCCCCAAGGATC	508	Platypus_foc
25924	26230	146	2.1	146	85	6	408	13	52	11	23	1.72	TCCTCCTCATCCTCCCCTCCAGCCCTCCAGCCTCGATTGGGCTTCCCAGACCCTCCCACCAACCCCAACCTCATCCTCTCCTCTCCAGCCCTCCGGCCTCGGATGGGCTTCCCAGACTCTTCCCACCAACCCCAACCTCCTCCCCA	TCCTCCTCATTCTCCCCTCCAGCTCTCCAGCCTCAGATGGGCTTCCCGGACTCTCCCCCCAACCTCAACCTCATCTTCCTCTCCAGCCCTCCGGCCTCGGATGGGTTTCCCAGACTCTCCCACCAACCCCGACCCCATCCTCTTCATCCTCCTCATCCTCCTCTTCAGCCCTCCAGCCTCGATTGGGCTTCCCAGACCCTCCCACCAACCCCACCCTCCTCCTCCTCCTCTCCAGCCCTCCGGCCTTGGATGGGCTTCCCAGACTCTTCCCACCAACCCCAACCTCCTCCCCATCCTCCTCATCCTC	AGCCCTCCGGCCTCGAATGGGCATCCCGGACTCTCCCACCAACCCCATCC	TTCATCCTCCTCTCCACCACCCCCGGAGGGCACCCCCAAGGATCCTGGCT	306	Platypus_foc
26071	26221	67	2.2	68	87	5	209	13	54	10	21	1.69	CCTCCTCCTCCTCCTCTCCAGCCCTCCAGCCTTCGATGGGCTTCCCAGACTCCTCCCACCAACCCCAA	CCTCCTCATCCTCCTCTTCAGCCCTCCAGCCTCGATTGGGCTTCCCAGACCCTCCCACCAACCCCACCCTCCTCCTCCTCCTCTCCAGCCCTCCGGCCTTGGATGGGCTTCCCAGACTCTTCCCACCAACCCCAACCTCCTCCCCATCCTC	CGGATGGGTTTCCCAGACTCTCCCACCAACCCCGACCCCATCCTCTTCAT	CTCATCCTCTTCATCCTCCTCTCCACCACCCCCGGAGGGCACCCCCAAGG	150	Platypus_foc
26208	26242	9	3.9	9	88	0	52	8	57	0	34	1.29	TCCTCCTCA	TCCTCCCCATCCTCCTCATCCTCTTCATCCTCCTC	GCCCTCCGGCCTTGGATGGGCTTCCCAGACTCTTCCCACCAACCCCAACC	TCCACCACCCCCGGAGGGCACCCCCAAGGATCCTGGCTGGAGGACCCGTC	34	Platypus_foc
1206	1251	2	23.0	2	100	0	92	0	0	50	50	1.0	TG	TGTGTGTGTGTGTGTGTGTGTGTGTGTGTGTGTGTGTGTGTGTGTG	CACCACTTCCAATTTTTCTCCCCAGAAAAGAGCTACTATAAGTATCTTTA	ATTTTCCTTTTTGATTTTTTCTTTTGGGATTCAGACCTAGTAATGGTATT	45	Tammar_foc
2642	2721	14	5.4	14	81	11	88	23	2	16	57	1.51	TATTTATTTGATAG	TATTTATTTCTGATAGTATTCATTTGATAGTATTTTGATTTGATGGTATTTATTTGTATAGTATTTATTTGGTAGTATTT	GTTAGATTTATATTTTCCTCCATTTGTCTGTAATATTGTTTTTTTAAATT	TGATTTACTGATAGTAAACGTAGTACTATGTCTCTTCAGTTACTTTAACA	79	Tammar_foc
3409	3449	2	20.5	2	94	0	73	48	48	0	2	1.14	CA	CACATACACACACACACACACACACACACACACACACACAC	ATTCCAAGACCAGGGTACTTTTCTCTGCAGCATACAGTGCCTCCACCCTT	GCACTTGGGATTTATAAGGAAGCTTATCCCCTAAGGGATTTGATGAAAGG	40	Tammar_foc
14132	14186	2	27.5	2	96	0	101	50	47	0	1	1.11	AC	ACACACACACACACACACACACACACACACACACACACACACACACATACACACA	CCTCCTTCTGGACCATTGCTGGCCATGTCTGGTATATGTCCTTTCTAAGA	GGCAAAGAAAGGGAGTGGGAGATAGAGGGAGAGGGGGAGAGGGAGGGAGG	54	Tammar_foc
14211	14267	4	13.8	4	89	7	87	26	0	73	0	0.83	GAGG	GAGGGAGAGGGGGAGAGGGAGGGAGGGAGGGAGGGAGGGAGGGAGGGAGGGAGGGAG	CACACACACACACACACATACACACAGGCAAAGAAAGGGAGTGGGAGATA	AGAGAGAGAGAGAGAGAGAGAGAGAGAGAGAGAGAGAGAGAGAGAGAGAG	56	Tammar_foc
14265	14327	2	31.5	2	100	0	126	49	0	50	0	1.0	GA	GAGAGAGAGAGAGAGAGAGAGAGAGAGAGAGAGAGAGAGAGAGAGAGAGAGAGAGAGAGAGAG	GAGAGGGGGAGAGGGAGGGAGGGAGGGAGGGAGGGAGGGAGGGAGGGAGG	CGCACAATCTGTCCTGAAAATAACGATTTCAGTGGCATAATTCTCAGGGC	62	Tammar_foc
17416	17471	16	3.5	16	85	0	76	44	19	7	28	1.77	CATGTATACATACATA	CATGTATACACACATACATGTATACATACACACATGTAAACATATATACATGTATA	ATCCCTCTACTTATGCCTTCAATTCCTTTCGCATATATACATTATATATG	TGTATACATATATGTATATCTTCAATTTTACTACTATTTCTACCTCTCAA	55	Tammar_foc
26067	26103	12	3.1	12	88	0	56	10	18	48	21	1.78	GAGTGTGTGCGC	GAGTGCGTGCGCAAGTGTGTGCGCGAGTGTGTGCGCG	AGCAGGGGAGGGTGTGGGCGGGCAGGGGTCCTATTAGGGAGAGTGACAGT	CTTGTGCAAGCGTGCTTGTGCAAGCGCGAAGCGAGGTAATGAAACCTCCA	36	Tammar_foc
26103	26129	14	1.9	14	100	0	54	14	22	37	25	1.93	GCTTGTGCAAGCGT	GCTTGTGCAAGCGTGCTTGTGCAAGCG	GGGAGAGTGACAGTGAGTGCGTGCGCAAGTGTGTGCGCGAGTGTGTGCGC	CGAAGCGAGGTAATGAAACCTCCACGCACGCACGCGGGACCTGCCCGGTA	26	Tammar_foc
26801	26836	18	2.0	18	88	0	54	5	77	11	5	1.1	GCACCCCCCCCCCCCGCC	GCACCCCCCCCCCCCGCCGCACTCCCCTCCCCCGCC	ACCACAAACAGTACAAAACACGACAATTCATGCCCCACCCGCACTCCTCT	CCAACCCCCTCTCGCTCTTCTTTCTCCTCCTCCTCCCTCATCTCCTTTTT	35	Tammar_foc
26805	26847	18	2.4	17	81	11	50	6	79	6	6	1.07	CCCCCTCCCCCGCCCCA	CCCCCCCCCCCGCCGCACTCCCCTCCCCCGCCCCAACCCCCTC	CAAACAGTACAAAACACGACAATTCATGCCCCACCCGCACTCCTCTGCAC	TCGCTCTTCTTTCTCCTCCTCCTCCCTCATCTCCTTTTTCTCCCCTCCTG	42	Tammar_foc
26843	27186	24	13.0	27	72	17	110	2	59	0	37	1.17	CCCTCTCCTCTTCTTTCTCCTCCTCCT	CCCTCTCGCTCTTCTTTCTCCTCCTCCTCCCTCATCTCCTTTTTCTCCCCTCCTGTCTCTCCTCTTCTAACTCCCTCCTCCCCCCTCATCCTCCCACTCTCTCCTCTTCTCCTCCTTCCCCTCCCTCCTCTTCTCCTCCTTTTCCTCCCTCCTCTTCTCCTCCTTTTCCTCCCTCCTCTTCTCCTCCTTCCCCTCCCTCTTCTCCTCCTCCCTCCTCCTACCCCTCCCTTCTCTCCTCCTCCTACCCCTCCCCTTCTCTCCTCCTCCTACCCCTCCCTCCTCTTCTCCTCCTACCCCTCCCTCCTCTTCTCCTCCTACTCCTCCCTCTTCTCCTTCTCCCCTCC	ACTCCTCTGCACCCCCCCCCCCCGCCGCACTCCCCTCCCCCGCCCCAACC	CTTCTCTCCTCCCCTCCTTCCTCTCACTCCTCCCTTCTCTCCCCCCTCCC	343	Tammar_foc
26934	27292	24	15.0	24	79	13	294	1	61	0	36	1.07	TCCCCTCCCTCCTCTTCTCCTCCT	TCCCACTCTCTCCTCTTCTCCTCCTTCCCCTCCCTCCTCTTCTCCTCCTTTTCCTCCCTCCTCTTCTCCTCCTTTTCCTCCCTCCTCTTCTCCTCCTTCCCCTCCCTCTTCTCCTCCTCCCTCCTCCTACCCCTCCCTTCTCTCCTCCTCCTACCCCTCCCCTTCTCTCCTCCTCCTACCCCTCCCTCCTCTTCTCCTCCTACCCCTCCCTCCTCTTCTCCTCCTACTCCTCCCTCTTCTCCTTCTCCCCTCCCTTCTCTCCTCCCCTCCTTCCTCTCACTCCTCCCTTCTCTCCCCCCTCCCTCCTCTCCTCTCCCCCTCCCTCCTCTCTTCTCTCCCCCTCCCTCCTCTCCTCCTCC	TTTCTCCCCTCCTGTCTCTCCTCTTCTAACTCCCTCCTCCCCCCTCATCC	CCCTCCCTCTTCCTATATATTGCCAACTTAATGCTAATGCATGATTACAT	358	Tammar_foc
26916	27298	3	129.7	3	66	24	117	2	62	0	35	1.07	CCT	CCTCCTCCCCCCTCATCCTCCCACTCTCTCCTCTTCTCCTCCTTCCCCTCCCTCCTCTTCTCCTCCTTTTCCTCCCTCCTCTTCTCCTCCTTTTCCTCCCTCCTCTTCTCCTCCTTCCCCTCCCTCTTCTCCTCCTCCCTCCTCCTACCCCTCCCTTCTCTCCTCCTCCTACCCCTCCCCTTCTCTCCTCCTCCTACCCCTCCCTCCTCTTCTCCTCCTACCCCTCCCTCCTCTTCTCCTCCTACTCCTCCCTCTTCTCCTTCTCCCCTCCCTTCTCTCCTCCCCTCCTTCCTCTCACTCCTCCCTTCTCTCCCCCCTCCCTCCTCTCCTCTCCCCCTCCCTCCTCTCTTCTCTCCCCCTCCCTCCTCTCCTCCTCCCCCTCC	CTCCTCCCTCATCTCCTTTTTCTCCCCTCCTGTCTCTCCTCTTCTAACTC	CTCTTCCTATATATTGCCAACTTAATGCTAATGCATGATTACATCCTTAT	382	Tammar_foc
26946	27228	152	1.9	149	85	7	392	2	60	0	37	1.09	CTCTCCTCCTCCTACCCCTCCCTCCTCTTCTCCTCCTACCCCTCCCTCCTCTTCTCCTCCTACTCCTCCCTCTTCTCCTCCTCCCCTCCCTTCTCTCCTCCCTCCCTCCTCTCACCCCTCCCTTCTCTCCTCCTCCTACCCCTCCCCTT	CTCTTCTCCTCCTTCCCCTCCCTCCTCTTCTCCTCCTTTTCCTCCCTCCTCTTCTCCTCCTTTTCCTCCCTCCTCTTCTCCTCCTTCCCCTCCCTCTTCTCCTCCTCCCTCCTCCTACCCCTCCCTTCTCTCCTCCTCCTACCCCTCCCCTTCTCTCCTCCTCCTACCCCTCCCTCCTCTTCTCCTCCTACCCCTCCCTCCTCTTCTCCTCCTACTCCTCCCTCTTCTCCTTCTCCCCTCCCTTCTCTCCTCCCCTCCTTCCTCTCACTCCTCCCTTCTCTCC	TGTCTCTCCTCTTCTAACTCCCTCCTCCCCCCTCATCCTCCCACTCTCTC	CCCCTCCCTCCTCTCCTCTCCCCCTCCCTCCTCTCTTCTCTCCCCCTCCC	282	Tammar_foc
26917	27304	128	3.0	127	81	9	362	2	62	0	35	1.07	CTCCTCCTCCCTCATCCTCCCACTCCCTCCTCTCCTCCTCCTACCCCTCCCTCCTCTCCTCCTCCTACCCCTCCCTCCTCTTCTCCTCCTACCCCTCCCTCCTCTTCTCCTCCTACCCCTCCCTCTT	CTCCTCCCCCCTCATCCTCCCACTCTCTCCTCTTCTCCTCCTTCCCCTCCCTCCTCTTCTCCTCCTTTTCCTCCCTCCTCTTCTCCTCCTTTTCCTCCCTCCTCTTCTCCTCCTTCCCCTCCCTCTTCTCCTCCTCCCTCCTCCTACCCCTCCCTTCTCTCCTCCTCCTACCCCTCCCCTTCTCTCCTCCTCCTACCCCTCCCTCCTCTTCTCCTCCTACCCCTCCCTCCTCTTCTCCTCCTACTCCTCCCTCTTCTCCTTCTCCCCTCCCTTCTCTCCTCCCCTCCTTCCTCTCACTCCTCCCTTCTCTCCCCCCTCCCTCCTCTCCTCTCCCCCTCCCTCCTCTCTTCTCTCCCCCTCCCTCCTCTCCTCCTCCCCCTCCCTCTTC	TCCTCCCTCATCTCCTTTTTCTCCCCTCCTGTCTCTCCTCTTCTAACTCC	CTATATATTGCCAACTTAATGCTAATGCATGATTACATCCTTATATGTAC	387	Tammar_foc
27010	27301	43	6.7	41	72	17	173	2	64	0	33	1.06	CCTCCCTCCTCTCCTCCCCCCTCCCTCCTCTCTTCTCTCCC	CCTCCCTCCTCTTCTCCTCCTTCCCCTCCCTCTTCTCCTCCTCCCTCCTCCTACCCCTCCCTTCTCTCCTCCTCCTACCCCTCCCCTTCTCTCCTCCTCCTACCCCTCCCTCCTCTTCTCCTCCTACCCCTCCCTCCTCTTCTCCTCCTACTCCTCCCTCTTCTCCTTCTCCCCTCCCTTCTCTCCTCCCCTCCTTCCTCTCACTCCTCCCTTCTCTCCCCCCTCCCTCCTCTCCTCTCCCCCTCCCTCCTCTCTTCTCTCCCCCTCCCTCCTCTCCTCCTCCCCCTCCCTC	CCCCTCCCTCCTCTTCTCCTCCTTTTCCTCCCTCCTCTTCTCCTCCTTTT	TTCCTATATATTGCCAACTTAATGCTAATGCATGATTACATCCTTATATG	291	Tammar_foc
29701	29763	33	1.9	33	83	6	83	9	61	6	22	1.49	CCCTCCCTCCCAAGCCTCATCCCTGGCCCCCCT	CCCTCCCTCTCAAGCCTCATCCCTTGCCCCCCTCCCTCCCTCCCAACTTCCATCCCTGGCCCC	GGTCCCTCCCAAGCTCCCTCCCTACCCTTCCAAACCCCATGCCTTGCTCC	TCCCTTCTCCAAGTCTCATACCTTGCTCCCTCCTCTCTTCATTCAACCCC	62	Tammar_foc
31188	31233	13	3.5	13	78	0	56	54	2	4	39	1.32	ATATATAAAATAT	ATATATAAAATATATATATGATATATGTATATAAAATATACATATA	GTGATATAGTACTTCAGGGTTTAAAGCCCTGTGTGTGTGTGTGTATATAC	TTATGTGATACATCCATCTTTTGAAGGGAACCCTTTATAATCTGTTCTCC	45	Tammar_foc
31189	31239	26	2.0	24	88	7	75	49	1	5	43	1.38	TATATAAAATATACATATATTATG	TATATAAAATATATATATGATATATGTATATAAAATATACATATATTATGT	TGATATAGTACTTCAGGGTTTAAAGCCCTGTGTGTGTGTGTGTATATACA	GATACATCCATCTTTTGAAGGGAACCCTTTATAATCTGTTCTCCTAAAAC	50	Tammar_foc
37741	37789	23	2.2	22	86	10	73	0	67	0	32	0.91	CCTCCCTCCTCCCCCTTCCTCT	CCTCCCCCTCCCCCTTCCTCTCTCTCCCTCCTCCCCCTTTCTCTCCTCC	CCCTCCCTCCTTTTTCTTTTCCCCTCTTCTTTCCCCCTTTCTTTCTTCCC	TGCCCCCTTCTCTCTCTCTTTACTTCTCTGCCCTCCCCCTCTCAATTTAC	48	Tammar_foc
37742	37807	19	3.1	21	77	20	75	0	63	1	34	1.04	CTCCTCCTCCCCCTTCTCTCT	CTCCCCCTCCCCCTTCCTCTCTCTCCCTCCTCCCCCTTTCTCTCCTCCTGCCCCCTTCTCTCTCTC	CCTCCCTCCTTTTTCTTTTCCCCTCTTCTTTCCCCCTTTCTTTCTTCCCC	TTTACTTCTCTGCCCTCCCCCTCTCAATTTACAATGGAGAAGCTATTTGG	65	Tammar_foc
40586	40630	7	6.4	7	80	10	56	0	0	20	80	0.72	TTGTTTT	TTGTTTTTTGGTTTTTTGTTTTTGGTTTTTTGTTTGTTTTTTTTG	CACAATGGGGAGGCCAGAAGGGTGCACAAACTATTTTAGCCAACAAGTAC	CCTATGCAAAGTTAATCAAGTTGGTCAAGGACAATATATGTACAGGCTCA	44	Tammar_foc
40590	40620	14	2.2	14	100	0	62	0	0	19	80	0.71	TTTTTGGTTTTTTG	TTTTTGGTTTTTTGTTTTTGGTTTTTTGTTT	ATGGGGAGGCCAGAAGGGTGCACAAACTATTTTAGCCAACAAGTACTTGT	GTTTTTTTTGCCTATGCAAAGTTAATCAAGTTGGTCAAGGACAATATATG	30	Tammar_foc
41625	41658	10	3.2	10	91	8	50	35	23	0	41	1.55	TTACTAACTA	TTACTAACTATTACTAACTATTCCACTAACTATT	TATTTGTAACACATTTTTGAGTTGAGACCTAAAATGTTCGTGATAATCCT	GATATTCAACTATTGAGCTAACTATTGATATTCAGTTTTACAGTGCTAGT	33	Tammar_foc
41640	41692	26	2.0	26	89	7	81	35	18	7	37	1.8	AACTATTCAGCTAACTATTGATATTC	AACTATTCCACTAACTATTGATATTCAACTATTGAGCTAACTATTGATATTCA	TTTGAGTTGAGACCTAAAATGTTCGTGATAATCCTTTACTAACTATTACT	GTTTTACAGTGCTAGTGTTTCTATCTGTATAAGTTAGTCAAGGTCCATTT	52	Tammar_foc
41652	41692	14	3.1	14	72	13	50	36	14	9	39	1.79	AACTATTGATATTC	AACTATTGATATTCAACTATTGAGCTAACTATTGATATTCA	CCTAAAATGTTCGTGATAATCCTTTACTAACTATTACTAACTATTCCACT	GTTTTACAGTGCTAGTGTTTCTATCTGTATAAGTTAGTCAAGGTCCATTT	40	Tammar_foc
41627	41686	12	5.1	11	75	18	50	36	20	6	36	1.79	ACTAACTATTG	ACTAACTATTACTAACTATTCCACTAACTATTGATATTCAACTATTGAGCTAACTATTGA	TTTGTAACACATTTTTGAGTTGAGACCTAAAATGTTCGTGATAATCCTTT	TATTCAGTTTTACAGTGCTAGTGTTTCTATCTGTATAAGTTAGTCAAGGT	59	Tammar_foc
